PROVIDER_ID,ORGANIZATION_ID,GENDER,SPECIALITY,CITY,STATE,ZIP,ENCOUNTERS,PROCEDURES,SYNTHEA_CITY
3057300,1000200,F,GENERAL PRACTICE,LYNDHURST,OH,441242608,1007191,0,CLEVELAND
3057301,1000201,F,GENERAL PRACTICE,MIDDLEBURG HEIGHTS,OH,441303326,260,0,CLEVELAND
3057302,1000202,M,GENERAL PRACTICE,BEACHWOOD,OH,441226232,307734,0,CLEVELAND
3057303,1000203,M,GENERAL PRACTICE,NORTH OLMSTED,OH,440701624,485,0,CLEVELAND
3057304,1000204,M,GENERAL PRACTICE,BEACHWOOD,OH,441225806,94417,0,CLEVELAND
3057305,1000205,F,GENERAL PRACTICE,LAKEWOOD,OH,441072570,127107,0,CLEVELAND
3057306,1000206,M,GENERAL PRACTICE,NORTH RANDALL,OH,441284122,2375,0,CLEVELAND
3057307,1000207,F,GENERAL PRACTICE,LAKEWOOD,OH,441072849,1154,0,CLEVELAND
3057308,1000208,M,GENERAL PRACTICE,CLEVELAND,OH,441114153,379827,0,CLEVELAND
3057309,1000209,F,GENERAL PRACTICE,WALTON HILLS,OH,441465345,98786,0,CLEVELAND
3057310,1000210,F,GENERAL PRACTICE,FAIRVIEW PARK,OH,441263302,202836,0,CLEVELAND
3057311,1000211,F,GENERAL PRACTICE,BEACHWOOD,OH,441224334,323,0,CLEVELAND
3057312,1000212,M,GENERAL PRACTICE,WARRENSVILLE HEIGHTS,OH,441226805,1500601,0,CLEVELAND
3057313,1000213,F,GENERAL PRACTICE,CLEVELAND,OH,441091900,2548297,0,CLEVELAND
3057314,1000214,F,GENERAL PRACTICE,MIDDLEBURG HEIGHTS,OH,441306315,63203,0,CLEVELAND
3057315,1000215,F,GENERAL PRACTICE,CLEVELAND,OH,441151111,78122,0,CLEVELAND
3057316,1000216,F,GENERAL PRACTICE,BEDFORD HEIGHTS,OH,441461186,484,0,CLEVELAND
3057317,1000217,M,GENERAL PRACTICE,CLEVELAND,OH,441022224,131670,0,CLEVELAND
3057318,1000218,F,GENERAL PRACTICE,CLEVELAND,OH,441075254,4693,0,CLEVELAND
3057319,1000219,M,GENERAL PRACTICE,Maple Heights,OH,44137,2390762,0,CLEVELAND
3057320,1000220,F,GENERAL PRACTICE,SOLON,OH,441392864,775,0,CLEVELAND
3057321,1000221,F,GENERAL PRACTICE,MAPLE HEIGHTS,OH,441371806,2533,0,CLEVELAND
3057322,1000222,F,GENERAL PRACTICE,MAYFIELD HTS,OH,441242271,284062,0,CLEVELAND
3057323,1000223,F,GENERAL PRACTICE,SEVEN HILLS,OH,441311778,24658,0,CLEVELAND
3057324,1000224,F,GENERAL PRACTICE,SOUTH EUCLID,OH,441214050,760,0,CLEVELAND
3057325,1000225,M,GENERAL PRACTICE,LAKEWOOD,OH,441075622,5883,0,CLEVELAND
3057326,1000226,F,GENERAL PRACTICE,EAST CLEVELAND,OH,441123470,5368,0,CLEVELAND
3057327,1000227,F,GENERAL PRACTICE,STRONGSVILLE,OH,441366038,98414,0,CLEVELAND
3057328,1000228,F,GENERAL PRACTICE,WARRENSVILLE HEIGHTS,OH,441285631,67234,0,CLEVELAND
3057329,1000229,M,GENERAL PRACTICE,MIDDLEBURG HEIGHTS,OH,441304802,1228,0,CLEVELAND
3057330,1000230,M,GENERAL PRACTICE,CLEVELAND,OH,441032765,267029,0,CLEVELAND
3057331,1000231,F,GENERAL PRACTICE,CLEVELAND,OH,441123470,12932,0,CLEVELAND
3057332,1000232,M,GENERAL PRACTICE,CLEVELAND HEIGHTS,OH,441181255,1735,0,CLEVELAND
3057333,1000233,M,GENERAL PRACTICE,BROADVIEW HEIGHTS,OH,441473511,20548,0,CLEVELAND
3057334,1000234,F,GENERAL PRACTICE,SOUTH EUCLID,OH,441213601,755,0,CLEVELAND
3057335,1000235,M,GENERAL PRACTICE,CLEVELAND,OH,441021840,2390,0,CLEVELAND
3057336,1000236,F,GENERAL PRACTICE,EUCLID,OH,441171398,201016,0,CLEVELAND
3057337,1000237,F,GENERAL PRACTICE,CLEVELAND HGTS.,OH,441182571,625,0,CLEVELAND
3057338,1000238,F,GENERAL PRACTICE,INDEPENDENCE,OH,441312147,14867,0,CLEVELAND
3057339,1000239,F,GENERAL PRACTICE,CLEVELAND,OH,441042762,801011,0,CLEVELAND
3057340,1000240,F,GENERAL PRACTICE,GARFIELD HEIGHTS,OH,441255300,262937,0,CLEVELAND
3057341,1000241,F,GENERAL PRACTICE,CLEVELAND,OH,441021647,3921,0,CLEVELAND
3057342,1000242,F,GENERAL PRACTICE,SHAKER HEIGHTS,OH,44122,5733,0,CLEVELAND
3057343,1000243,M,GENERAL PRACTICE,CLEVELAND,OH,441121210,75918,0,CLEVELAND
3057344,1000244,F,GENERAL PRACTICE,ROCKY RIVER,OH,441161815,291641,0,CLEVELAND
3057345,1000245,F,GENERAL PRACTICE,NORTH OLMSTED,OH,440702056,1088,0,CLEVELAND
3057346,1000246,M,GENERAL PRACTICE,CLEVELAND,OH,44115,113062,0,CLEVELAND
3057347,1000247,M,GENERAL PRACTICE,SOLON,OH,441392622,275,0,CLEVELAND
3057348,1000248,M,GENERAL PRACTICE,PARMA,OH,441344595,3319,0,CLEVELAND
3057349,1000249,F,GENERAL PRACTICE,BROADVIEW HEIGHTS,OH,441472311,398,0,CLEVELAND
3057350,1000250,M,GENERAL PRACTICE,CLEVELAND,OH,441153229,405539,0,CLEVELAND
3057351,1000251,M,GENERAL PRACTICE,CLEVELAND,OH,441031307,217192,0,CLEVELAND
3057352,1000252,F,GENERAL PRACTICE,SHAKER HEIGHTS,OH,441205122,153044,0,CLEVELAND
3057353,1000253,F,GENERAL PRACTICE,STRONGSVILLE,OH,441366150,56422,0,CLEVELAND
3057354,1000254,M,GENERAL PRACTICE,SEVEN HILLS,OH,441316906,477,0,CLEVELAND
3057355,1000255,F,GENERAL PRACTICE,CLEVELAND,OH,441133112,275830,0,CLEVELAND
3057356,1000256,F,GENERAL PRACTICE,NORTH OLMSTED,OH,44070,228,0,CLEVELAND
3057357,1000257,M,GENERAL PRACTICE,BEDFORD HEIGHTS,OH,441461153,564,0,CLEVELAND
3057358,1000258,M,GENERAL PRACTICE,SOUTH EUCLID,OH,441213601,677,0,CLEVELAND
3057359,1000259,F,GENERAL PRACTICE,CLEVELAND,OH,441351139,8672,0,CLEVELAND
3057360,1000260,M,GENERAL PRACTICE,CLEVELAND,OH,441201053,1984,0,CLEVELAND
3057361,1000261,F,GENERAL PRACTICE,CLEVELAND,OH,441353705,3224,0,CLEVELAND
3057362,1000262,F,GENERAL PRACTICE,BEACHWOOD,OH,441229998,692,0,CLEVELAND
3057363,1000263,F,GENERAL PRACTICE,CLEVELAND,OH,441043871,2622,0,CLEVELAND
3057364,1000264,M,GENERAL PRACTICE,INDEPENDENCE,OH,44131,176,0,CLEVELAND
3057365,1000265,F,GENERAL PRACTICE,PARMA,OH,441295437,534682,0,CLEVELAND
3057366,1000266,M,GENERAL PRACTICE,NORTH OLMSTED,OH,440706207,796,0,CLEVELAND
3057367,1000267,F,GENERAL PRACTICE,EAST CLEVELAND,OH,441122803,212126,0,CLEVELAND
3057368,1000268,M,GENERAL PRACTICE,BROOKLYN HEIGHTS,OH,441311869,4828,0,CLEVELAND
3057369,1000269,F,GENERAL PRACTICE,EUCLID,OH,441191078,2950915,0,CLEVELAND
3057370,1000270,F,GENERAL PRACTICE,MAYFIELD VILLAGE,OH,441433442,114459,0,CLEVELAND
3057371,1000271,F,GENERAL PRACTICE,MAYFIELD HTS,OH,44124,78,0,CLEVELAND
3057372,1000272,M,GENERAL PRACTICE,NORTH ROYALTON,OH,44133,393,0,CLEVELAND
3057373,1000273,F,GENERAL PRACTICE,LAKEWOOD,OH,441072850,181872,0,CLEVELAND
3057374,1000274,M,GENERAL PRACTICE,PARMA,OH,441341604,65608,0,CLEVELAND
3057375,1000275,M,GENERAL PRACTICE,SAGAMORE HLS,OH,440671605,144,0,CLEVELAND
3057376,1000276,F,GENERAL PRACTICE,CLEVELAND,OH,441352815,560718,0,CLEVELAND
3057377,1000277,M,GENERAL PRACTICE,CLEVELAND,OH,441352820,6014,0,CLEVELAND
3057378,1000278,F,GENERAL PRACTICE,KINSMAN,OH,444289714,427523,0,CLEVELAND
3057379,1000279,M,GENERAL PRACTICE,BEACHWOOD,OH,441227315,705,0,CLEVELAND
3057380,1000280,F,GENERAL PRACTICE,WALTON HILLS,OH,441465345,15161,0,CLEVELAND
3057381,1000281,M,GENERAL PRACTICE,WESTLAKE,OH,441458201,197179,0,CLEVELAND
3057382,1000282,M,GENERAL PRACTICE,BEACHWOOD,OH,441225822,207,0,CLEVELAND
3057383,1000283,M,GENERAL PRACTICE,CLEVELAND HEIGHTS,OH,441182751,587,0,CLEVELAND
3057384,1000284,M,GENERAL PRACTICE,CLEVELAND,OH,441022813,3002,0,CLEVELAND
3057385,1000285,F,GENERAL PRACTICE,SOUTH EUCLID,OH,441213601,730,0,CLEVELAND
3057386,1000286,M,GENERAL PRACTICE,INDEPENDENCE,OH,441315057,31766,0,CLEVELAND
3057387,1000287,F,GENERAL PRACTICE,CLEVELAND,OH,441025443,580418,0,CLEVELAND
3057388,1000288,M,GENERAL PRACTICE,RICHMOND HEIGHTS,OH,441431457,1290,0,CLEVELAND
3057389,1000289,M,GENERAL PRACTICE,ROCKY RIVER,OH,441162444,189168,0,CLEVELAND
3057390,1000290,M,GENERAL PRACTICE,CLEVELAND,OH,441202000,790,0,CLEVELAND
3057391,1000291,F,GENERAL PRACTICE,PARMA,OH,441292550,2843,0,CLEVELAND
3057392,1000292,M,GENERAL PRACTICE,CLEVELAND,OH,441023153,193590,0,CLEVELAND
3057393,1000293,M,GENERAL PRACTICE,RICHMOND HEIGHTS,OH,441432955,2451,0,CLEVELAND
3057394,1000294,M,GENERAL PRACTICE,SHAKER HEIGHTS,OH,441205108,1818,0,CLEVELAND
3057395,1000295,M,GENERAL PRACTICE,CLEVELAND,OH,441064620,3491,0,CLEVELAND
3057396,1000296,M,GENERAL PRACTICE,CLEVELAND,OH,441034247,517662,0,CLEVELAND
3057397,1000297,M,GENERAL PRACTICE,CLEVELAND,OH,441133108,2858389,0,CLEVELAND
3057398,1000298,M,GENERAL PRACTICE,OLMSTED FALLS,OH,44138,1835,0,CLEVELAND
3057399,1000299,F,GENERAL PRACTICE,Cleveland,OH,44106,486188,0,CLEVELAND
3057400,1000300,M,GENERAL PRACTICE,FAIRVIEW PARK,OH,441262019,1892,0,CLEVELAND
3057401,1000301,M,GENERAL PRACTICE,BEACHWOOD,OH,441221109,44251,0,CLEVELAND
3057402,1000302,F,GENERAL PRACTICE,WILLOWICK,OH,440954611,144445,0,CLEVELAND
3057403,1000303,F,GENERAL PRACTICE,EAST CLEVELAND,OH,441124348,90646,0,CLEVELAND
3057404,1000304,M,GENERAL PRACTICE,MIDDLEBURG HEIGHTS,OH,441304944,2306,0,CLEVELAND
3057405,1000305,M,GENERAL PRACTICE,OLMSTED FALLS,OH,441382424,4298,0,CLEVELAND
3057406,1000306,F,GENERAL PRACTICE,BEACHWOOD,OH,441225511,1081,0,CLEVELAND
3057407,1000307,F,GENERAL PRACTICE,PARMA,OH,441292367,541588,0,CLEVELAND
3057408,1000308,M,GENERAL PRACTICE,INDEPENDENCE,OH,441315057,1346,0,CLEVELAND
3057409,1000309,M,GENERAL PRACTICE,BEREA,OH,440171613,29584,0,CLEVELAND
3057410,1000310,M,GENERAL PRACTICE,CLEVELAND,OH,441062932,4143,0,CLEVELAND
3057411,1000311,M,GENERAL PRACTICE,EUCLID,OH,441172645,335449,0,CLEVELAND
3057412,1000312,M,GENERAL PRACTICE,CLEVELAND,OH,441144436,411277,0,CLEVELAND
3057413,1000313,M,GENERAL PRACTICE,CLEVELAND,OH,441133108,137652,0,CLEVELAND
3057414,1000314,F,GENERAL PRACTICE,CLEVELAND,OH,441121013,1963,0,CLEVELAND
3057415,1000315,M,GENERAL PRACTICE,BRECKSVILLE,OH,441411919,1654,0,CLEVELAND
3057416,1000316,M,GENERAL PRACTICE,CLEVELAND,OH,441192174,755290,0,CLEVELAND
3057417,1000317,M,GENERAL PRACTICE,WARRENSVILLE HEIGHTS,OH,441285631,308489,0,CLEVELAND
3057418,1000318,F,GENERAL PRACTICE,MIDDLEBURG HEIGHTS,OH,441308500,1992,0,CLEVELAND
3057419,1000319,M,GENERAL PRACTICE,CLEVELAND,OH,441081943,268308,0,CLEVELAND
3057420,1000320,F,GENERAL PRACTICE,WESTLAKE,OH,441451567,197461,0,CLEVELAND
3057421,1000321,M,GENERAL PRACTICE,VALLEY VIEW,OH,441256275,45210,0,CLEVELAND
3057422,1000322,M,GENERAL PRACTICE,SOLON,OH,441391860,778,0,CLEVELAND
3057423,1000323,M,GENERAL PRACTICE,EUCLID,OH,441323550,3124,0,CLEVELAND
3057424,1000324,M,GENERAL PRACTICE,BEREA,OH,440171136,84481,0,CLEVELAND
3057425,1000325,F,GENERAL PRACTICE,BEREA,OH,440172903,492,0,CLEVELAND
3057426,1000326,F,GENERAL PRACTICE,CLEVELAND,OH,441061716,6491329,0,CLEVELAND
3057427,1000327,M,GENERAL PRACTICE,CLEVELAND,OH,441346720,667902,0,CLEVELAND
3057428,1000328,F,GENERAL PRACTICE,CLEVELAND,OH,441103043,728461,0,CLEVELAND
3057429,1000329,M,GENERAL PRACTICE,CLEVELAND,OH,441055521,605453,0,CLEVELAND
3057430,1000330,F,GENERAL PRACTICE,CLEVELAND,OH,441103729,13199,0,CLEVELAND
3057431,1000331,M,GENERAL PRACTICE,WARRENSVILLE HEIGHTS,OH,441285777,327480,0,CLEVELAND
3057432,1000332,F,GENERAL PRACTICE,CLEVELAND,OH,44120,519,0,CLEVELAND
3057433,1000333,F,GENERAL PRACTICE,WESTLAKE,OH,441455922,209533,0,CLEVELAND
3057434,1000334,M,GENERAL PRACTICE,CLEVELAND,OH,441061716,2362,0,CLEVELAND
3057435,1000335,F,GENERAL PRACTICE,NORTH ROYALTON,OH,441333808,396,0,CLEVELAND
3057436,1000336,M,GENERAL PRACTICE,LAKEWOOD,OH,441074624,4388,0,CLEVELAND
3057437,1000337,F,GENERAL PRACTICE,STRONGSVILLE,OH,441366150,47,0,CLEVELAND
3057438,1000338,F,GENERAL PRACTICE,BEACHWOOD,OH,441225540,81473,0,CLEVELAND
3057439,1000339,M,GENERAL PRACTICE,BROADVIEW HEIGHTS,OH,441472811,8040,0,CLEVELAND
3057440,1000340,F,GENERAL PRACTICE,BEACHWOOD,OH,441221162,1693,0,CLEVELAND
3057441,1000341,M,GENERAL PRACTICE,CLEVELAND,OH,441201927,437428,0,CLEVELAND
3057442,1000342,F,GENERAL PRACTICE,EAST CLEVELAND,OH,441124301,5442,0,CLEVELAND
3057443,1000343,M,GENERAL PRACTICE,BEACHWOOD,OH,441225817,1216447,0,CLEVELAND
3057444,1000344,F,GENERAL PRACTICE,CLEVELAND,OH,44115,1554,0,CLEVELAND
3057445,1000345,F,GENERAL PRACTICE,CLEVELAND,OH,441431591,7493,0,CLEVELAND
3057446,1000346,F,GENERAL PRACTICE,BEACHWOOD,OH,441225550,21712,0,CLEVELAND
3057447,1000347,M,GENERAL PRACTICE,PARMA,OH,441344517,71081,0,CLEVELAND
3057448,1000348,M,GENERAL PRACTICE,WILLOUGHBY HILLS,OH,440949161,664,0,CLEVELAND
3057449,1000349,M,GENERAL PRACTICE,GARFIELD HEIGHTS,OH,441255371,1497209,0,CLEVELAND
3057450,1000350,F,GENERAL PRACTICE,CLEVELAND HEIGHTS,OH,441181590,2273,0,CLEVELAND
3057451,1000351,F,GENERAL PRACTICE,CLEVELAND,OH,441022224,128367,0,CLEVELAND
3057452,1000352,F,GENERAL PRACTICE,NORTH OLMSTED,OH,440703370,57654,0,CLEVELAND
3057453,1000353,M,GENERAL PRACTICE,BEACHWOOD,OH,441225603,790279,0,CLEVELAND
3057454,1000354,M,GENERAL PRACTICE,BROOK PARK,OH,441423092,3404,0,CLEVELAND
3057455,1000355,M,GENERAL PRACTICE,OLMSTED FALLS,OH,441381656,22,0,CLEVELAND
3057456,1000356,M,GENERAL PRACTICE,CLEVELAND,OH,441021806,6601,0,CLEVELAND
3057457,1000357,M,GENERAL PRACTICE,GARFIELD HEIGHTS,OH,441253106,3366,0,CLEVELAND
3057458,1000358,M,GENERAL PRACTICE,PEPPER PIKE,OH,441224622,56925,0,CLEVELAND
3057459,1000359,M,GENERAL PRACTICE,CLEVELAND,OH,441226848,13387,0,CLEVELAND
3057460,1000360,M,GENERAL PRACTICE,BEREA,OH,440171856,339572,0,CLEVELAND
3057461,1000361,F,GENERAL PRACTICE,BRECKSVILLE,OH,441413191,14638,0,CLEVELAND
3057462,1000362,M,GENERAL PRACTICE,CLEVELAND,OH,441132831,6463,0,CLEVELAND
3057463,1000363,M,GENERAL PRACTICE,RICHMOND HEIGHTS,OH,441432142,3034,0,CLEVELAND
3057464,1000364,F,GENERAL PRACTICE,STRONGSVILLE,OH,441369500,168625,0,CLEVELAND
3057465,1000365,M,GENERAL PRACTICE,CLEVELAND,OH,441204417,7420,0,CLEVELAND
3057466,1000366,M,GENERAL PRACTICE,BRECKSVILLE,OH,441411985,29,0,CLEVELAND
3057467,1000367,M,GENERAL PRACTICE,MAYFIELD HTS,OH,441242937,650,0,CLEVELAND
3057468,1000368,F,GENERAL PRACTICE,BEREA,OH,440171943,486,0,CLEVELAND
3057469,1000369,F,GENERAL PRACTICE,CLEVELAND,OH,44103,1962591,0,CLEVELAND
3057470,1000370,F,GENERAL PRACTICE,CLEVELAND HEIGHTS,OH,441183413,584474,0,CLEVELAND
3057471,1000371,F,GENERAL PRACTICE,NORTH ROYALTON,OH,441331011,69963,0,CLEVELAND
3057472,1000372,M,GENERAL PRACTICE,EUCLID,OH,441323305,426,0,CLEVELAND
3057473,1000373,F,GENERAL PRACTICE,PARMA,OH,441346720,2202,0,CLEVELAND
3057474,1000374,F,GENERAL PRACTICE,SOUTH EUCLID,OH,441183332,1876,0,CLEVELAND
3057475,1000375,F,GENERAL PRACTICE,MAYFIELD VILLAGE,OH,441433580,115999,0,CLEVELAND
3057476,1000376,F,GENERAL PRACTICE,CLEVELAND,OH,441084141,485769,0,CLEVELAND
3057477,1000377,F,GENERAL PRACTICE,CLEVELAND,OH,441061444,261662,0,CLEVELAND
3057478,1000378,F,GENERAL PRACTICE,BEACHWOOD,OH,441225637,112775,0,CLEVELAND
3057479,1000379,M,GENERAL PRACTICE,SEVEN HILLS,OH,441314441,2165847,0,CLEVELAND
3057480,1000380,F,GENERAL PRACTICE,EUCLID,OH,441191078,1983,0,CLEVELAND
3057481,1000381,F,GENERAL PRACTICE,CLEVELAND,OH,441025465,207338,0,CLEVELAND
3057482,1000382,M,GENERAL PRACTICE,INDEPENDENCE,OH,441312585,559796,0,CLEVELAND
3057483,1000383,F,GENERAL PRACTICE,CLEVELAND,OH,441064310,175146,0,CLEVELAND
3057484,1000384,F,GENERAL PRACTICE,CLEVELAND,OH,441351311,179194,0,CLEVELAND
3057485,1000385,M,GENERAL PRACTICE,WESTLAKE,OH,441455265,186721,0,CLEVELAND
3057486,1000386,M,GENERAL PRACTICE,WICKLIFFE,OH,440922518,983,0,CLEVELAND
3057487,1000387,F,GENERAL PRACTICE,CLEVELAND,OH,441441439,8377,0,CLEVELAND
3057488,1000388,F,GENERAL PRACTICE,EUCLID,OH,441172125,2942,0,CLEVELAND
3057489,1000389,F,GENERAL PRACTICE,ROCKY RIVER,OH,441161021,25994,0,CLEVELAND
3057490,1000390,M,GENERAL PRACTICE,BROADVIEW HEIGHTS,OH,441472827,483,0,CLEVELAND
3057491,1000391,M,GENERAL PRACTICE,CLEVELAND,OH,441351175,2578,0,CLEVELAND
3057492,1000392,M,GENERAL PRACTICE,GARFIELD HEIGHTS,OH,441253106,4184,0,CLEVELAND
3057493,1000393,M,GENERAL PRACTICE,Parma,OH,44129,717950,0,CLEVELAND
3057494,1000394,M,GENERAL PRACTICE,Cleveland,OH,44113,1571152,0,CLEVELAND
3057495,1000395,F,GENERAL PRACTICE,CLEVELAND,OH,441134630,1032637,0,CLEVELAND
3057496,1000396,M,GENERAL PRACTICE,PARMA,OH,441296602,2195,0,CLEVELAND
3057497,1000397,M,GENERAL PRACTICE,PARMA,OH,441296636,1585,0,CLEVELAND
3057498,1000398,F,GENERAL PRACTICE,Parma,OH,44129,1492194,0,CLEVELAND
3057499,1000399,F,GENERAL PRACTICE,GARFIELD HEIGHTS,OH,441252973,118494,0,CLEVELAND
3057500,1000400,M,GENERAL PRACTICE,LYNDHURST,OH,441243096,194,0,CLEVELAND
3057501,1000401,M,GENERAL PRACTICE,PARMA,OH,441346746,323992,0,CLEVELAND
3057502,1000402,F,GENERAL PRACTICE,RICHMOND HEIGHTS,OH,44143,1344,0,CLEVELAND
3057503,1000403,M,GENERAL PRACTICE,EUCLID,OH,441323548,19004,0,CLEVELAND
3057504,1000404,F,GENERAL PRACTICE,WARRENSVILLE HEIGHTS,OH,441285631,131968,0,CLEVELAND
3057505,1000405,M,GENERAL PRACTICE,PARMA,OH,441295437,534071,0,CLEVELAND
3057506,1000406,M,GENERAL PRACTICE,MIDDLEBURG HEIGHTS,OH,441306318,1556,0,CLEVELAND
3057507,1000407,F,GENERAL PRACTICE,CLEVELAND,OH,441062323,673,0,CLEVELAND
3057508,1000408,M,GENERAL PRACTICE,CLEVELAND,OH,441153111,6678812,0,CLEVELAND
3057509,1000409,F,GENERAL PRACTICE,FAIRVIEW PARK,OH,441261318,1555,0,CLEVELAND
3057510,1000410,M,GENERAL PRACTICE,PARMA,OH,441293936,445584,0,CLEVELAND
3057511,1000411,F,GENERAL PRACTICE,OAKWOOD,OH,441466338,41,0,CLEVELAND
3057512,1000412,M,GENERAL PRACTICE,CLEVELAND,OH,441064645,252,0,CLEVELAND
3057513,1000413,F,GENERAL PRACTICE,LYNDHURST,OH,441241342,1413,0,CLEVELAND
3057514,1000414,F,GENERAL PRACTICE,PARMA,OH,441295437,3141429,0,CLEVELAND
3057515,1000415,F,GENERAL PRACTICE,CLEVELAND HEIGHTS,OH,441063217,5698,0,CLEVELAND
3057516,1000416,M,GENERAL PRACTICE,CLEVELAND,OH,441101175,8730,0,CLEVELAND
3057517,1000417,F,GENERAL PRACTICE,GARFIELD HEIGHTS,OH,441252914,1515245,0,CLEVELAND
3057518,1000418,F,GENERAL PRACTICE,LAKEWOOD,OH,441073715,194472,0,CLEVELAND
3057519,1000419,F,GENERAL PRACTICE,PARMA,OH,441292367,2765,0,CLEVELAND
3057520,1000420,M,GENERAL PRACTICE,CLEVELAND,OH,441142004,257835,0,CLEVELAND
3057521,1000421,M,GENERAL PRACTICE,CLEVELAND,OH,441201062,3792967,0,CLEVELAND
3057522,1000422,F,GENERAL PRACTICE,EUCLID,OH,441322355,462,0,CLEVELAND
3057523,1000423,M,GENERAL PRACTICE,CLEVELAND,OH,441133148,149346,0,CLEVELAND
3057524,1000424,M,GENERAL PRACTICE,PARMA,OH,441292550,729396,0,CLEVELAND
3057525,1000425,F,GENERAL PRACTICE,WOODMERE,OH,441224632,689,0,CLEVELAND
3057526,1000426,F,GENERAL PRACTICE,MAYFIELD HEIGHTS,OH,441244137,386,0,CLEVELAND
3057527,1000427,F,GENERAL PRACTICE,CLEVELAND,OH,44115,1575,0,CLEVELAND
3057528,1000428,F,GENERAL PRACTICE,EUCLID,OH,441191078,2905945,0,CLEVELAND
3057529,1000429,F,GENERAL PRACTICE,CLEVELAND,OH,441307831,161056,0,CLEVELAND
3057530,1000430,M,GENERAL PRACTICE,CLEVELAND,OH,441102602,16024,0,CLEVELAND
3057531,1000431,M,GENERAL PRACTICE,LAKEWOOD,OH,441073715,117748,0,CLEVELAND
3057532,1000432,M,GENERAL PRACTICE,EUCLID,OH,441322452,233334,0,CLEVELAND
3057533,1000433,F,GENERAL PRACTICE,CLEVELAND,OH,441115408,124841,0,CLEVELAND
3057534,1000434,F,GENERAL PRACTICE,CLEVELAND,OH,441331285,74737,0,CLEVELAND
3057535,1000435,M,GENERAL PRACTICE,CLEVELAND,OH,441034263,779,0,CLEVELAND
3057536,1000436,M,GENERAL PRACTICE,NORTHFIELD,OH,440671086,362601,0,CLEVELAND
3057537,1000437,M,GENERAL PRACTICE,WESTLAKE,OH,441455665,2508,0,CLEVELAND
3057538,1000438,M,GENERAL PRACTICE,LYNDHURST,OH,441244041,151733,0,CLEVELAND
3057539,1000439,F,GENERAL PRACTICE,INDEPENDENCE,OH,441312140,17716,0,CLEVELAND
3057540,1000440,M,GENERAL PRACTICE,WARRENSVILLE HTS,OH,441285963,132877,0,CLEVELAND
3057541,1000441,M,GENERAL PRACTICE,Cleveland,OH,44113,1583544,0,CLEVELAND
3057542,1000442,F,GENERAL PRACTICE,EUCLID,OH,441192447,1964,0,CLEVELAND
3057543,1000443,M,GENERAL PRACTICE,SHAKER HEIGHTS,OH,44122,1519,0,CLEVELAND
3057544,1000444,M,GENERAL PRACTICE,OLMSTED TWP,OH,441381277,499,0,CLEVELAND
3057545,1000445,F,GENERAL PRACTICE,MIDDLEBURG HEIGHTS,OH,441306322,769,0,CLEVELAND
3057546,1000446,M,GENERAL PRACTICE,ROCKY RIVER,OH,441163925,75022,0,CLEVELAND
3057547,1000447,M,GENERAL PRACTICE,CLEVELAND,OH,441062030,1696,0,CLEVELAND
3057548,1000448,F,GENERAL PRACTICE,CLEVELAND HEIGHTS,OH,441182657,1541,0,CLEVELAND
3057549,1000449,F,GENERAL PRACTICE,BEDFORD HEIGHTS,OH,441461150,451,0,CLEVELAND
3057550,1000450,F,GENERAL PRACTICE,CLEVELAND,OH,441115443,280697,0,CLEVELAND
3057551,1000451,F,GENERAL PRACTICE,CLEVELAND,OH,441193018,1886,0,CLEVELAND
3057552,1000452,M,GENERAL PRACTICE,CLEVELAND,OH,441033734,359739,0,CLEVELAND
3057553,1000453,M,GENERAL PRACTICE,CLEVELAND,OH,441121247,5377,0,CLEVELAND
3057554,1000454,F,GENERAL PRACTICE,PARMA,OH,441344581,82194,0,CLEVELAND
3057555,1000455,F,GENERAL PRACTICE,PARMA,OH,441301412,5459,0,CLEVELAND
3057600,1000500,M,GENERAL PRACTICE,HIGHLAND HTS,OH,441433210,207471,0,CLEVELAND
3057601,1000501,F,GENERAL PRACTICE,CLEVELAND,OH,441034622,1981,0,CLEVELAND
3057602,1000502,M,GENERAL PRACTICE,BEDFORD,OH,441463620,139345,0,CLEVELAND
3057603,1000503,M,GENERAL PRACTICE,PARMA HEIGHTS,OH,441302984,6012,0,CLEVELAND
3057604,1000504,F,GENERAL PRACTICE,CLEVELAND,OH,441308439,14425,0,CLEVELAND
3057605,1000505,M,GENERAL PRACTICE,BROOKLYN HEIGHTS,OH,441316706,140961,0,CLEVELAND
3057606,1000506,F,GENERAL PRACTICE,BEDFORD,OH,441462819,20284,0,CLEVELAND
3057607,1000507,F,GENERAL PRACTICE,BEREA,OH,440172535,1388,0,CLEVELAND
3057608,1000508,M,GENERAL PRACTICE,MIDDLEBURG HEIGHTS,OH,441303417,2167519,0,CLEVELAND
3057609,1000509,M,GENERAL PRACTICE,NORTH ROYALTON,OH,441333766,2001,0,CLEVELAND
3057610,1000510,F,GENERAL PRACTICE,CLEVELAND,OH,441201927,2479,0,CLEVELAND
3057611,1000511,F,GENERAL PRACTICE,EAST CLEVELAND,OH,441122806,123543,0,CLEVELAND
3057612,1000512,F,GENERAL PRACTICE,CLEVELAND,OH,441353846,1041,0,CLEVELAND
3057613,1000513,M,GENERAL PRACTICE,EUCLID,OH,441323696,96751,0,CLEVELAND
3057614,1000514,M,GENERAL PRACTICE,MIDDLEBURG HEIGHTS,OH,441303417,2126490,0,CLEVELAND
3057615,1000515,M,GENERAL PRACTICE,INDEPENDENCE,OH,441312140,18056,0,CLEVELAND
3057616,1000516,F,GENERAL PRACTICE,INDEPENDENCE,OH,441312155,149,0,CLEVELAND
3057617,1000517,F,GENERAL PRACTICE,STRONGSVILLE,OH,441364200,407,0,CLEVELAND
3057618,1000518,M,GENERAL PRACTICE,SHAKER HTS,OH,441203766,492212,0,CLEVELAND
3057619,1000519,F,GENERAL PRACTICE,CLEVELAND,OH,441094218,3416457,0,CLEVELAND
3057620,1000520,M,GENERAL PRACTICE,HIGHLAND HEIGHTS,OH,441434414,30525,0,CLEVELAND
3057621,1000521,M,GENERAL PRACTICE,BROOKLYN HEIGHTS,OH,441311869,5990,0,CLEVELAND
3057622,1000522,M,GENERAL PRACTICE,BROOKPARK,OH,441423800,2113,0,CLEVELAND
3057623,1000523,F,GENERAL PRACTICE,WESTLAKE,OH,441458201,187576,0,CLEVELAND
3057624,1000524,M,GENERAL PRACTICE,PARMA,OH,441301043,198336,0,CLEVELAND
3057625,1000525,M,GENERAL PRACTICE,ROCKY RIVER,OH,441164300,1519,0,CLEVELAND
3057626,1000526,F,GENERAL PRACTICE,GARFIELD HTS,OH,441251859,161954,0,CLEVELAND
3057627,1000527,F,GENERAL PRACTICE,WARRENSVILLE HEIGHTS,OH,441285757,37475,0,CLEVELAND
3057628,1000528,F,GENERAL PRACTICE,BEACHWOOD,OH,441225631,951,0,CLEVELAND
3057629,1000529,F,GENERAL PRACTICE,CLEVELAND,OH,441133108,2805334,0,CLEVELAND
3057630,1000530,M,GENERAL PRACTICE,BAY VILLAGE,OH,441401670,7,0,CLEVELAND
3057631,1000531,F,GENERAL PRACTICE,CLEVELAND,OH,441056136,551438,0,CLEVELAND
3057632,1000532,M,GENERAL PRACTICE,VALLEY VIEW,OH,441254209,4915,0,CLEVELAND
3057633,1000533,M,GENERAL PRACTICE,CLEVELAND,OH,441064621,10716,0,CLEVELAND
3057634,1000534,F,GENERAL PRACTICE,MIDDLEBURG HTS,OH,44130,702896,0,CLEVELAND
3057635,1000535,F,GENERAL PRACTICE,INDEPENDENCE,OH,441312240,254,0,CLEVELAND
3057636,1000536,F,GENERAL PRACTICE,PEPPER PIKE,OH,441224622,493,0,CLEVELAND
3057637,1000537,M,GENERAL PRACTICE,PARMA,OH,441341605,2854,0,CLEVELAND
3057638,1000538,M,GENERAL PRACTICE,WESTLAKE,OH,441457214,199485,0,CLEVELAND
3057639,1000539,F,GENERAL PRACTICE,EUCLID,OH,441192342,7645,0,CLEVELAND
3057640,1000540,F,GENERAL PRACTICE,MAPLE HEIGHTS,OH,441372911,2610,0,CLEVELAND
3057641,1000541,M,GENERAL PRACTICE,CLEVELAND,OH,441304944,15682,0,CLEVELAND
3057642,1000542,F,GENERAL PRACTICE,BEDFORD HEIGHTS,OH,441461111,802,0,CLEVELAND
3057643,1000543,F,GENERAL PRACTICE,BEACHWOOD,OH,441221156,1805,0,CLEVELAND
3057644,1000544,M,GENERAL PRACTICE,BEACHWOOD,OH,441221162,3860,0,CLEVELAND
3057645,1000545,F,GENERAL PRACTICE,FAIRVIEW PARK,OH,441263100,4967,0,CLEVELAND
3057646,1000546,M,GENERAL PRACTICE,LAKEWOOD,OH,441074625,255738,0,CLEVELAND
3057647,1000547,F,GENERAL PRACTICE,MIDDLEBURG HEIGHTS,OH,441303341,1123,0,CLEVELAND
3057648,1000548,M,GENERAL PRACTICE,CLEVELAND,OH,441201136,142177,0,CLEVELAND
3057649,1000549,F,GENERAL PRACTICE,NORTH OLMSTED,OH,440702234,50050,0,CLEVELAND
3057650,1000550,M,GENERAL PRACTICE,PLANO,TX,750745342,139218,0,AUSTIN
3057651,1000551,M,GENERAL PRACTICE,AUSTIN,TX,787385527,1309,0,AUSTIN
3057652,1000552,M,GENERAL PRACTICE,AUSTIN,TX,787534860,2977,0,AUSTIN
3057653,1000553,F,GENERAL PRACTICE,AUSTIN,TX,787441661,330,0,AUSTIN
3057654,1000554,F,GENERAL PRACTICE,CEDAR PARK,TX,786136780,12826,0,AUSTIN
3057655,1000555,M,GENERAL PRACTICE,AUSTIN,TX,787451604,29287,0,AUSTIN
3057656,1000556,M,GENERAL PRACTICE,AUSTIN,TX,787598655,110,0,AUSTIN
3057657,1000557,F,GENERAL PRACTICE,AUSTIN,TX,787051137,13864,0,AUSTIN
3057658,1000558,F,GENERAL PRACTICE,AUSTIN,TX,787588616,9659,0,AUSTIN
3057659,1000559,F,GENERAL PRACTICE,ROUND ROCK,TX,786653540,3189,0,AUSTIN
3057660,1000560,F,GENERAL PRACTICE,AUSTIN,TX,787485706,923,0,AUSTIN
3057661,1000561,M,GENERAL PRACTICE,AUSTIN,TX,787322568,425238,0,AUSTIN
3057662,1000562,F,GENERAL PRACTICE,ROUND ROCK,TX,786814026,11327,0,AUSTIN
3057663,1000563,F,GENERAL PRACTICE,CEDAR PARK,TX,786134484,11253,0,AUSTIN
3057664,1000564,M,GENERAL PRACTICE,AUSTIN,TX,787467857,1159,0,AUSTIN
3057665,1000565,F,GENERAL PRACTICE,ROUND ROCK,TX,786651239,16288,0,AUSTIN
3057666,1000566,M,GENERAL PRACTICE,AUSTIN,TX,787594017,1332,0,AUSTIN
3057667,1000567,M,GENERAL PRACTICE,AUSTIN,TX,787452947,92959,0,AUSTIN
3057668,1000568,F,GENERAL PRACTICE,WEST LAKE HILLS,TX,787465283,801,0,AUSTIN
3057669,1000569,M,GENERAL PRACTICE,ROUND ROCK,TX,786651522,2760,0,AUSTIN
3057670,1000570,F,GENERAL PRACTICE,PFLUGERVILLE,TX,786603668,4082,0,AUSTIN
3057671,1000571,F,GENERAL PRACTICE,AUSTIN,TX,787385528,1804,0,AUSTIN
3057672,1000572,M,GENERAL PRACTICE,AUSTIN,TX,787024326,23960,0,AUSTIN
3057673,1000573,F,GENERAL PRACTICE,CEDAR PARK,TX,786137614,592,0,AUSTIN
3057674,1000574,M,GENERAL PRACTICE,AUSTIN,TX,787521070,361,0,AUSTIN
3057675,1000575,M,GENERAL PRACTICE,ROUND ROCK,TX,786642059,526,0,AUSTIN
3057676,1000576,F,GENERAL PRACTICE,PFLUGERVILLE,TX,786604220,23444,0,AUSTIN
3057677,1000577,F,GENERAL PRACTICE,CEDAR PARK,TX,786132209,2416,0,AUSTIN
3057678,1000578,F,GENERAL PRACTICE,WEST LAKE HILLS,TX,787465242,12396,0,AUSTIN
3057679,1000579,M,GENERAL PRACTICE,AUSTIN,TX,787286527,1746,0,AUSTIN
3057680,1000580,F,GENERAL PRACTICE,Cedar Park,TX,78613,189461,0,AUSTIN
3057681,1000581,M,GENERAL PRACTICE,ROUND ROCK,TX,786814067,1030,0,AUSTIN
3057682,1000582,F,GENERAL PRACTICE,ROUND ROCK,TX,786815020,6304,0,AUSTIN
3057683,1000583,F,GENERAL PRACTICE,ROUND ROCK,TX,786818025,1321,0,AUSTIN
3057684,1000584,M,GENERAL PRACTICE,ROUND ROCK,TX,786814305,1177,0,AUSTIN
3057685,1000585,F,GENERAL PRACTICE,MANOR,TX,786535035,43947,0,AUSTIN
3057686,1000586,M,GENERAL PRACTICE,MANOR,TX,786533406,1772,0,AUSTIN
3057687,1000587,F,GENERAL PRACTICE,AUSTIN,TX,787587855,18779,0,AUSTIN
3057688,1000588,M,GENERAL PRACTICE,ROUND ROCK,TX,786817946,29090,0,AUSTIN
3057689,1000589,F,GENERAL PRACTICE,AUSTIN,TX,787511407,1009083,0,AUSTIN
3057690,1000590,M,GENERAL PRACTICE,AUSTIN,TX,787358926,12731,0,AUSTIN
3057691,1000591,M,GENERAL PRACTICE,ROUND ROCK,TX,786814025,84320,0,AUSTIN
3057692,1000592,M,GENERAL PRACTICE,AUSTIN,TX,787466891,12443,0,AUSTIN
3057693,1000593,M,GENERAL PRACTICE,AUSTIN,TX,787416633,3047,0,AUSTIN
3057694,1000594,M,GENERAL PRACTICE,AUSTIN,TX,787514856,55555,0,AUSTIN
3057695,1000595,M,GENERAL PRACTICE,AUSTIN,TX,787233640,30898,0,AUSTIN
3057696,1000596,M,GENERAL PRACTICE,AUSTIN,TX,787442714,3158,0,AUSTIN
3057697,1000597,F,GENERAL PRACTICE,AUSTIN,TX,787521039,12261,0,AUSTIN
3057698,1000598,F,GENERAL PRACTICE,AUSTIN,TX,787358963,233251,0,AUSTIN
3057699,1000599,F,GENERAL PRACTICE,ROUND ROCK,TX,786644244,4839,0,AUSTIN
3057700,1000600,M,GENERAL PRACTICE,AUSTIN,TX,787047663,359,0,AUSTIN
3057701,1000601,F,GENERAL PRACTICE,AUSTIN,TX,787053302,5253,0,AUSTIN
3057702,1000602,F,GENERAL PRACTICE,ROUND ROCK,TX,786644415,134,0,AUSTIN
3057703,1000603,F,GENERAL PRACTICE,AUSTIN,TX,787598481,43,0,AUSTIN
3057704,1000604,F,GENERAL PRACTICE,LEANDER,TX,786414557,294,0,AUSTIN
3057705,1000605,M,GENERAL PRACTICE,AUSTIN,TX,787501821,311,0,AUSTIN
3057706,1000606,M,GENERAL PRACTICE,AUSTIN,TX,787451470,38022,0,AUSTIN
3057707,1000607,M,GENERAL PRACTICE,AUSTIN,TX,787024534,14599,0,AUSTIN
3057708,1000608,M,GENERAL PRACTICE,AUSTIN,TX,787514812,1698,0,AUSTIN
3057709,1000609,F,GENERAL PRACTICE,PFLUGERVILLE,TX,786608018,181,0,AUSTIN
3057710,1000610,M,GENERAL PRACTICE,ROUND ROCK,TX,786653989,351,0,AUSTIN
3057711,1000611,M,GENERAL PRACTICE,AUSTIN,TX,787585369,12008,0,AUSTIN
3057712,1000612,M,GENERAL PRACTICE,AUSTIN,TX,787311635,2071,0,AUSTIN
3057713,1000613,M,GENERAL PRACTICE,KYLE,TX,786408791,2834,0,AUSTIN
3057714,1000614,M,GENERAL PRACTICE,ROUND ROCK,TX,786644442,603,0,AUSTIN
3057715,1000615,F,GENERAL PRACTICE,AUSTIN,TX,787533354,29397,0,AUSTIN
3057716,1000616,F,GENERAL PRACTICE,AUSTIN,TX,787571025,33,0,AUSTIN
3057717,1000617,M,GENERAL PRACTICE,BUDA,TX,786105000,67958,0,AUSTIN
3057718,1000618,M,GENERAL PRACTICE,ROUND ROCK,TX,786654538,28507,0,AUSTIN
3057719,1000619,F,GENERAL PRACTICE,MANOR,TX,786533377,32357,0,AUSTIN
3057720,1000620,F,GENERAL PRACTICE,PFLUGERVILLE,TX,786605999,220621,0,AUSTIN
3057721,1000621,M,GENERAL PRACTICE,AUSTIN,TX,787356913,623,0,AUSTIN
3057722,1000622,F,GENERAL PRACTICE,AUSTIN,TX,787022947,83112,0,AUSTIN
3057723,1000623,F,GENERAL PRACTICE,AUSTIN,TX,787465640,2456,0,AUSTIN
3057724,1000624,F,GENERAL PRACTICE,ROUND ROCK,TX,786814006,135604,0,AUSTIN
3057725,1000625,M,GENERAL PRACTICE,CEDAR PARK,TX,786132968,54265,0,AUSTIN
3057726,1000626,M,GENERAL PRACTICE,AUSTIN,TX,787416931,3168,0,AUSTIN
3057727,1000627,M,GENERAL PRACTICE,AUSTIN,TX,787221334,12409,0,AUSTIN
3057728,1000628,M,GENERAL PRACTICE,AUSTIN,TX,787371473,1329,0,AUSTIN
3057729,1000629,M,GENERAL PRACTICE,AUSTIN,TX,787585352,1223,0,AUSTIN
3057730,1000630,M,GENERAL PRACTICE,AUSTIN,TX,787508357,1030,0,AUSTIN
3057731,1000631,M,GENERAL PRACTICE,AUSTIN,TX,78717,87515,0,AUSTIN
3057732,1000632,M,GENERAL PRACTICE,AUSTIN,TX,787251826,1360,0,AUSTIN
3057733,1000633,F,GENERAL PRACTICE,ROUND ROCK,TX,786658002,24329,0,AUSTIN
3057734,1000634,M,GENERAL PRACTICE,AUSTIN,TX,787533354,416,0,AUSTIN
3057735,1000635,F,GENERAL PRACTICE,WEST LAKE HILLS,TX,787465809,49946,0,AUSTIN
3057736,1000636,M,GENERAL PRACTICE,PFLUGERVILLE,TX,786602630,4682,0,AUSTIN
3057737,1000637,M,GENERAL PRACTICE,AUSTIN,TX,787235471,83776,0,AUSTIN
3057738,1000638,M,GENERAL PRACTICE,MANCHACA,TX,786524409,23031,0,AUSTIN
3057739,1000639,F,GENERAL PRACTICE,HUTTO,TX,786342086,56,0,AUSTIN
3057740,1000640,F,GENERAL PRACTICE,AUSTIN,TX,787535713,481,0,AUSTIN
3057741,1000641,F,GENERAL PRACTICE,AUSTIN,TX,787245348,59907,0,AUSTIN
3057742,1000642,M,GENERAL PRACTICE,AUSTIN,TX,787232913,1455,0,AUSTIN
3057743,1000643,F,GENERAL PRACTICE,AUSTIN,TX,787521109,169,0,AUSTIN
3057744,1000644,F,GENERAL PRACTICE,AUSTIN,TX,787053376,5272,0,AUSTIN
3057745,1000645,M,GENERAL PRACTICE,AUSTIN,TX,787595456,24427,0,AUSTIN
3057746,1000646,M,GENERAL PRACTICE,PFLUGERVILLE,TX,786602543,13825,0,AUSTIN
3057747,1000647,M,GENERAL PRACTICE,AUSTIN,TX,787582401,385637,0,AUSTIN
3057748,1000648,F,GENERAL PRACTICE,LAME DEER,TX,59043,36627,0,AUSTIN
3057749,1000649,F,GENERAL PRACTICE,MESCALERO,TX,88340,34,0,AUSTIN
3057750,1000650,M,GENERAL PRACTICE,BUDA,TX,786102985,1024,0,AUSTIN
3057751,1000651,F,GENERAL PRACTICE,AUSTIN,TX,787598682,48315,0,AUSTIN
3057752,1000652,F,GENERAL PRACTICE,AUSTIN,TX,787465776,1349,0,AUSTIN
3057753,1000653,M,GENERAL PRACTICE,SAN MARCOS,TX,786665774,2757,0,AUSTIN
3057754,1000654,F,GENERAL PRACTICE,AUSTIN,TX,787444824,2986,0,AUSTIN
3057755,1000655,F,GENERAL PRACTICE,PFLUGERVILLE,TX,786607537,58934,0,AUSTIN
3057756,1000656,M,GENERAL PRACTICE,KYLE,TX,786405904,12143,0,AUSTIN
3057757,1000657,M,GENERAL PRACTICE,AUSTIN,TX,787121866,267820,0,AUSTIN
3057758,1000658,M,GENERAL PRACTICE,AUSTIN,TX,787311635,1183,0,AUSTIN
3057759,1000659,F,GENERAL PRACTICE,AUSTIN,TX,787512800,83339,0,AUSTIN
3057760,1000660,F,GENERAL PRACTICE,AUSTIN,TX,787534179,50875,0,AUSTIN
3057761,1000661,M,GENERAL PRACTICE,AUSTIN,TX,787523830,29955,0,AUSTIN
3057762,1000662,F,GENERAL PRACTICE,BUDA,TX,786102300,333130,0,AUSTIN
3057763,1000663,F,GENERAL PRACTICE,AUSTIN,TX,787586704,3030,0,AUSTIN
3057764,1000664,F,GENERAL PRACTICE,AUSTIN,TX,787485308,172927,0,AUSTIN
3057765,1000665,M,GENERAL PRACTICE,AUSTIN,TX,787232016,40656,0,AUSTIN
3057766,1000666,M,GENERAL PRACTICE,AUSTIN,TX,787521143,304,0,AUSTIN
3057767,1000667,F,GENERAL PRACTICE,AUSTIN,TX,787321291,339,0,AUSTIN
3057768,1000668,M,GENERAL PRACTICE,AUSTIN,TX,787595791,370709,0,AUSTIN
3057769,1000669,F,GENERAL PRACTICE,AUSTIN,TX,787452982,19770,0,AUSTIN
3057770,1000670,F,GENERAL PRACTICE,BUDA,TX,786103273,13561,0,AUSTIN
3057771,1000671,F,GENERAL PRACTICE,AUSTIN,TX,787311638,1402,0,AUSTIN
3057772,1000672,F,GENERAL PRACTICE,AUSTIN,TX,787542053,872,0,AUSTIN
3057773,1000673,M,GENERAL PRACTICE,CEDAR PARK,TX,786132275,3671,0,AUSTIN
3057774,1000674,M,GENERAL PRACTICE,AUSTIN,TX,787312709,30714,0,AUSTIN
3057775,1000675,M,GENERAL PRACTICE,AUSTIN,TX,787511073,235847,0,AUSTIN
3057776,1000676,M,GENERAL PRACTICE,AUSTIN,TX,78756,209979,0,AUSTIN
3057777,1000677,F,GENERAL PRACTICE,AUSTIN,TX,787051134,41874,0,AUSTIN
3057778,1000678,M,GENERAL PRACTICE,CEDAR PARK,TX,786135014,1686,0,AUSTIN
3057779,1000679,M,GENERAL PRACTICE,ROUND ROCK,TX,786651122,30,0,AUSTIN
3057780,1000680,M,GENERAL PRACTICE,AUSTIN,TX,787584460,514,0,AUSTIN
3057781,1000681,F,GENERAL PRACTICE,AUSTIN,TX,787313282,1319,0,AUSTIN
3057782,1000682,M,GENERAL PRACTICE,AUSTIN,TX,787471671,87228,0,AUSTIN
3057783,1000683,M,GENERAL PRACTICE,CEDAR PARK,TX,786137555,193,0,AUSTIN
3057784,1000684,F,GENERAL PRACTICE,PFLUGERVILLE,TX,786604515,108371,0,AUSTIN
3057785,1000685,M,GENERAL PRACTICE,AUSTIN,TX,787571053,3319,0,AUSTIN
3057786,1000686,M,GENERAL PRACTICE,AUSTIN,TX,787244600,113387,0,AUSTIN
3057787,1000687,F,GENERAL PRACTICE,AUSTIN,TX,787501877,1458,0,AUSTIN
3057788,1000688,M,GENERAL PRACTICE,AUSTIN,TX,787034891,53204,0,AUSTIN
3057789,1000689,M,GENERAL PRACTICE,ROUND ROCK,TX,786642786,81,0,AUSTIN
3057790,1000690,M,GENERAL PRACTICE,AUSTIN,TX,787413051,3662,0,AUSTIN
3057791,1000691,F,GENERAL PRACTICE,ROUND ROCK,TX,786818025,24039,0,AUSTIN
3057792,1000692,M,GENERAL PRACTICE,ROUND ROCK,TX,786815008,97,0,AUSTIN
3057793,1000693,M,GENERAL PRACTICE,PFLUGERVILLE,TX,786603200,459,0,AUSTIN
3057794,1000694,M,GENERAL PRACTICE,ROUND ROCK,TX,786658001,41995,0,AUSTIN
3057795,1000695,F,GENERAL PRACTICE,LEANDER,TX,786415049,39898,0,AUSTIN
3057796,1000696,F,GENERAL PRACTICE,MANOR,TX,786534589,1239,0,AUSTIN
3057797,1000697,F,GENERAL PRACTICE,CEDAR PARK,TX,786136933,41311,0,AUSTIN
3057798,1000698,M,GENERAL PRACTICE,PFLUGERVILLE,TX,78660,103194,0,AUSTIN
3057799,1000699,M,GENERAL PRACTICE,AUSTIN,TX,787563719,21580,0,AUSTIN
3057800,1000700,F,GENERAL PRACTICE,SEATTLE,TX,981172207,2093,0,AUSTIN
3057801,1000701,F,GENERAL PRACTICE,AUSTIN,TX,787544595,451625,0,AUSTIN
3057802,1000702,F,GENERAL PRACTICE,AUSTIN,TX,787571724,22476,0,AUSTIN
3057803,1000703,M,GENERAL PRACTICE,KYLE,TX,786406112,8711,0,AUSTIN
3057804,1000704,M,GENERAL PRACTICE,CEDAR PARK,TX,786132293,397,0,AUSTIN
3057805,1000705,F,GENERAL PRACTICE,KYLE,TX,786402400,20822,0,AUSTIN
3057806,1000706,M,GENERAL PRACTICE,AUSTIN,TX,787583801,59546,0,AUSTIN
3057807,1000707,F,GENERAL PRACTICE,AUSTIN,TX,787583350,4156,0,AUSTIN
3057808,1000708,M,GENERAL PRACTICE,AUSTIN,TX,787571007,575,0,AUSTIN
3057809,1000709,F,GENERAL PRACTICE,WEST LAKE HILLS,TX,787466691,12353,0,AUSTIN
3057810,1000710,F,GENERAL PRACTICE,AUSTIN,TX,787584478,604,0,AUSTIN
3057811,1000711,M,GENERAL PRACTICE,AUSTIN,TX,787311634,10,0,AUSTIN
3057812,1000712,F,GENERAL PRACTICE,DRIPPING SPRINGS,TX,786205514,46392,0,AUSTIN
3057813,1000713,M,GENERAL PRACTICE,CEDAR PARK,TX,786132293,367,0,AUSTIN
3057814,1000714,F,GENERAL PRACTICE,ROUND ROCK,TX,786647074,4784,0,AUSTIN
3057815,1000715,F,GENERAL PRACTICE,DRIPPING SPRINGS,TX,786202350,25820,0,AUSTIN
3057816,1000716,F,GENERAL PRACTICE,AUSTIN,TX,787453293,1211,0,AUSTIN
3057817,1000717,F,GENERAL PRACTICE,ROUND ROCK,TX,786642786,277,0,AUSTIN
3057818,1000718,F,GENERAL PRACTICE,AUSTIN,TX,787481948,970,0,AUSTIN
3057819,1000719,M,GENERAL PRACTICE,AUSTIN,TX,787044355,1331,0,AUSTIN
3057820,1000720,M,GENERAL PRACTICE,ROUND ROCK,TX,786814312,954,0,AUSTIN
3057821,1000721,F,GENERAL PRACTICE,AUSTIN,TX,787413053,16923,0,AUSTIN
3057822,1000722,F,GENERAL PRACTICE,ROUND ROCK,TX,786813592,1055,0,AUSTIN
3057823,1000723,M,GENERAL PRACTICE,PFLUGERVILLE,TX,786606448,17989,0,AUSTIN
3057824,1000724,F,GENERAL PRACTICE,AUSTIN,TX,787221715,2183,0,AUSTIN
3057825,1000725,M,GENERAL PRACTICE,BASTROP,TX,786023735,6550,0,AUSTIN
3057826,1000726,M,GENERAL PRACTICE,WEST LAKE HILLS,TX,787466458,93345,0,AUSTIN
3057827,1000727,F,GENERAL PRACTICE,ROUND ROCK,TX,786814024,2008,0,AUSTIN
3057828,1000728,F,GENERAL PRACTICE,AUSTIN,TX,787052655,10487,0,AUSTIN
3057829,1000729,M,GENERAL PRACTICE,AUSTIN,TX,787455454,1355,0,AUSTIN
3057830,1000730,M,GENERAL PRACTICE,BASTROP,TX,786023825,73,0,AUSTIN
3057831,1000731,F,GENERAL PRACTICE,AUSTIN,TX,787045758,373,0,AUSTIN
3057832,1000732,F,GENERAL PRACTICE,ROUND ROCK,TX,786814004,104987,0,AUSTIN
3057833,1000733,M,GENERAL PRACTICE,ROUND ROCK,TX,786814067,302,0,AUSTIN
3057834,1000734,F,GENERAL PRACTICE,AUSTIN,TX,787416411,136800,0,AUSTIN
3057835,1000735,F,GENERAL PRACTICE,AUSTIN,TX,787313029,298036,0,AUSTIN
3057836,1000736,F,GENERAL PRACTICE,ROUND ROCK,TX,786815018,11434,0,AUSTIN
3057837,1000737,F,GENERAL PRACTICE,AUSTIN,TX,787276618,335,0,AUSTIN
3057838,1000738,F,GENERAL PRACTICE,ROUND ROCK,TX,786651053,61295,0,AUSTIN
3057839,1000739,F,GENERAL PRACTICE,AUSTIN,TX,787022709,11163,0,AUSTIN
3057840,1000740,F,GENERAL PRACTICE,LAKEWAY,TX,787342324,208328,0,AUSTIN
3057841,1000741,M,GENERAL PRACTICE,ROUND ROCK,TX,786651525,174,0,AUSTIN
3057842,1000742,F,GENERAL PRACTICE,CEDAR PARK,TX,786137740,765,0,AUSTIN
3057843,1000743,M,GENERAL PRACTICE,AUSTIN,TX,787045466,39665,0,AUSTIN
3057844,1000744,M,GENERAL PRACTICE,AUSTIN,TX,787502223,167305,0,AUSTIN
3057845,1000745,F,GENERAL PRACTICE,AUSTIN,TX,787241004,1920,0,AUSTIN
3057846,1000746,F,GENERAL PRACTICE,AUSTIN,TX,787047192,2003,0,AUSTIN
3057847,1000747,F,GENERAL PRACTICE,AUSTIN,TX,787316056,14243,0,AUSTIN
3057848,1000748,M,GENERAL PRACTICE,AUSTIN,TX,787503505,865,0,AUSTIN
3057849,1000749,F,GENERAL PRACTICE,ROUND ROCK,TX,786815698,1570,0,AUSTIN
3057850,1000750,F,GENERAL PRACTICE,AUSTIN,TX,787598647,6267,0,AUSTIN
3057851,1000751,F,GENERAL PRACTICE,AUSTIN,TX,787455255,2670,0,AUSTIN
3057852,1000752,M,GENERAL PRACTICE,PFLUGERVILLE,TX,786603422,17211,0,AUSTIN
3057853,1000753,F,GENERAL PRACTICE,GEORGETOWN,TX,786288966,3499,0,AUSTIN
3057854,1000754,F,GENERAL PRACTICE,BEE CAVE,TX,787386750,594690,0,AUSTIN
3057855,1000755,M,GENERAL PRACTICE,KYLE,TX,786406179,4654,0,AUSTIN
3057856,1000756,F,GENERAL PRACTICE,MANOR,TX,786533406,1519,0,AUSTIN
3057857,1000757,F,GENERAL PRACTICE,ROUND ROCK,TX,786642108,3922,0,AUSTIN
3057858,1000758,M,GENERAL PRACTICE,DEL VALLE,TX,786173495,154138,0,AUSTIN
3057859,1000759,F,GENERAL PRACTICE,KYLE,TX,786404195,53,0,AUSTIN
3057860,1000760,F,GENERAL PRACTICE,ROUND ROCK,TX,786651526,25953,0,AUSTIN
3057861,1000761,M,GENERAL PRACTICE,KYLE,TX,786404195,228,0,AUSTIN
3057862,1000762,M,GENERAL PRACTICE,AUSTIN,TX,787572411,38546,0,AUSTIN
3057863,1000763,M,GENERAL PRACTICE,AUSTIN,TX,787501841,1190,0,AUSTIN
3057864,1000764,F,GENERAL PRACTICE,WINNEBAGO,TX,680710767,76054,0,AUSTIN
3057865,1000765,M,GENERAL PRACTICE,AUSTIN,TX,787572430,9504,0,AUSTIN
3057866,1000766,M,GENERAL PRACTICE,AUSTIN,TX,787053378,1334,0,AUSTIN
3057867,1000767,M,GENERAL PRACTICE,BEE CAVE,TX,787387072,20232,0,AUSTIN
3057868,1000768,M,GENERAL PRACTICE,PFLUGERVILLE,TX,786604168,233,0,AUSTIN
3057869,1000769,F,GENERAL PRACTICE,ROUND ROCK,TX,786652059,4420,0,AUSTIN
3057870,1000770,F,GENERAL PRACTICE,AUSTIN,TX,787513401,3072,0,AUSTIN
3057871,1000771,F,GENERAL PRACTICE,AUSTIN,TX,787465059,167173,0,AUSTIN
3057872,1000772,M,GENERAL PRACTICE,CEDAR PARK,TX,786132273,194,0,AUSTIN
3057873,1000773,M,GENERAL PRACTICE,CEDAR PARK,TX,786137441,141779,0,AUSTIN
3057874,1000774,M,GENERAL PRACTICE,AUSTIN,TX,787514864,180469,0,AUSTIN
3057875,1000775,M,GENERAL PRACTICE,AUSTIN,TX,787457319,80401,0,AUSTIN
3057876,1000776,M,GENERAL PRACTICE,AUSTIN,TX,787535713,13193,0,AUSTIN
3057877,1000777,F,GENERAL PRACTICE,AUSTIN,TX,787483614,752,0,AUSTIN
3057878,1000778,F,GENERAL PRACTICE,AUSTIN,TX,787577526,22632,0,AUSTIN
3057879,1000779,F,GENERAL PRACTICE,CEDAR PARK,TX,786133999,13490,0,AUSTIN
3057880,1000780,F,GENERAL PRACTICE,AUSTIN,TX,787597482,4634,0,AUSTIN
3057881,1000781,F,GENERAL PRACTICE,CEDAR PARK,TX,786132091,211,0,AUSTIN
3057882,1000782,M,GENERAL PRACTICE,AUSTIN,TX,787535713,1569,0,AUSTIN
3057883,1000783,F,GENERAL PRACTICE,Austin,TX,78741,445128,0,AUSTIN
3057884,1000784,M,GENERAL PRACTICE,AUSTIN,TX,787582414,42298,0,AUSTIN
3057885,1000785,M,GENERAL PRACTICE,JONESTOWN,TX,786454042,43661,0,AUSTIN
3057886,1000786,F,GENERAL PRACTICE,AUSTIN,TX,787175209,1424,0,AUSTIN
3057887,1000787,F,GENERAL PRACTICE,AUSTIN,TX,787543990,1201,0,AUSTIN
3057888,1000788,F,GENERAL PRACTICE,AUSTIN,TX,787047046,7203,0,AUSTIN
3057889,1000789,M,GENERAL PRACTICE,AUSTIN,TX,787232913,982,0,AUSTIN
3057890,1000790,M,GENERAL PRACTICE,BASTROP,TX,786024234,6956,0,AUSTIN
3057891,1000791,M,GENERAL PRACTICE,AUSTIN,TX,787576969,1410,0,AUSTIN
3057892,1000792,M,GENERAL PRACTICE,LAKEWAY,TX,787345269,21894,0,AUSTIN
3057893,1000793,F,GENERAL PRACTICE,AUSTIN,TX,787171126,329,0,AUSTIN
3057894,1000794,M,GENERAL PRACTICE,CEDAR PARK,TX,786132279,3627,0,AUSTIN
3057895,1000795,F,GENERAL PRACTICE,AUSTIN,TX,787314205,32416,0,AUSTIN
3057896,1000796,F,GENERAL PRACTICE,CEDAR PARK,TX,786136018,16569,0,AUSTIN
3057897,1000797,M,GENERAL PRACTICE,AUSTIN,TX,787413453,97863,0,AUSTIN
3057898,1000798,M,GENERAL PRACTICE,AUSTIN,TX,787571446,57169,0,AUSTIN
3057899,1000799,F,GENERAL PRACTICE,AUSTIN,TX,787053323,5343,0,AUSTIN
3057900,1000800,M,GENERAL PRACTICE,ROUND ROCK,TX,786651122,38,0,AUSTIN
3057901,1000801,M,GENERAL PRACTICE,ROUND ROCK,TX,786646651,28033,0,AUSTIN
3057902,1000802,M,GENERAL PRACTICE,AUSTIN,TX,787355803,207851,0,AUSTIN
3057903,1000803,F,GENERAL PRACTICE,AUSTIN,TX,787464139,126456,0,AUSTIN
3057904,1000804,M,GENERAL PRACTICE,AUSTIN,TX,787545104,67797,0,AUSTIN
3057905,1000805,M,GENERAL PRACTICE,AUSTIN,TX,787358004,257920,0,AUSTIN
3057906,1000806,M,GENERAL PRACTICE,AUSTIN,TX,787314943,11331,0,AUSTIN
3057907,1000807,F,GENERAL PRACTICE,AUSTIN,TX,787523930,56758,0,AUSTIN
3057908,1000808,F,GENERAL PRACTICE,AUSTIN,TX,78758,32742,0,AUSTIN
3057909,1000809,M,GENERAL PRACTICE,LEANDER,TX,786413732,218033,0,AUSTIN
3057910,1000810,M,GENERAL PRACTICE,CEDAR PARK,TX,786136785,2119,0,AUSTIN
3057911,1000811,F,GENERAL PRACTICE,LEANDER,TX,78641,13958,0,AUSTIN
3057912,1000812,M,GENERAL PRACTICE,AUSTIN,TX,787415514,21777,0,AUSTIN
3057913,1000813,F,GENERAL PRACTICE,AUSTIN,TX,787453384,1234,0,AUSTIN
3057914,1000814,M,GENERAL PRACTICE,ROUND ROCK,TX,786653996,18068,0,AUSTIN
3057915,1000815,M,GENERAL PRACTICE,AUSTIN,TX,787486760,15945,0,AUSTIN
3057916,1000816,F,GENERAL PRACTICE,WEST LAKE HILLS,TX,78746,12887,0,AUSTIN
3057917,1000817,F,GENERAL PRACTICE,KYLE,TX,786404195,74,0,AUSTIN
3057918,1000818,M,GENERAL PRACTICE,AUSTIN,TX,787463341,376,0,AUSTIN
3057919,1000819,M,GENERAL PRACTICE,AUSTIN,TX,787545165,810,0,AUSTIN
3057920,1000820,M,GENERAL PRACTICE,AUSTIN,TX,787411325,744052,0,AUSTIN
3057921,1000821,F,GENERAL PRACTICE,AUSTIN,TX,787578060,59216,0,AUSTIN
3057922,1000822,F,GENERAL PRACTICE,AUSTIN,TX,787496527,503324,0,AUSTIN
3057923,1000823,M,GENERAL PRACTICE,AUSTIN,TX,787521061,359,0,AUSTIN
3057924,1000824,F,GENERAL PRACTICE,AUSTIN,TX,787444230,30822,0,AUSTIN
3057925,1000825,M,GENERAL PRACTICE,AUSTIN,TX,787367767,1741,0,AUSTIN
3057926,1000826,M,GENERAL PRACTICE,AUSTIN,TX,787595264,9410,0,AUSTIN
3057927,1000827,F,GENERAL PRACTICE,WIMBERLEY,TX,786765311,168,0,AUSTIN
3057928,1000828,M,GENERAL PRACTICE,AUSTIN,TX,787514223,41058,0,AUSTIN
3057929,1000829,F,GENERAL PRACTICE,ELGIN,TX,786211528,434,0,AUSTIN
3057930,1000830,F,GENERAL PRACTICE,WEST LAKE HILLS,TX,787465310,97662,0,AUSTIN
3057931,1000831,F,GENERAL PRACTICE,ROUND ROCK,TX,786647459,25518,0,AUSTIN
3057932,1000832,F,GENERAL PRACTICE,AUSTIN,TX,787048095,254535,0,AUSTIN
3057933,1000833,M,GENERAL PRACTICE,MANCHACA,TX,786523550,94788,0,AUSTIN
3057934,1000834,F,GENERAL PRACTICE,AUSTIN,TX,787456328,169387,0,AUSTIN
3057935,1000835,F,GENERAL PRACTICE,HUTTO,TX,786344638,1102,0,AUSTIN
3057936,1000836,F,GENERAL PRACTICE,AUSTIN,TX,787358613,318977,0,AUSTIN
3057937,1000837,F,GENERAL PRACTICE,LAKEWAY,TX,787346429,241324,0,AUSTIN
3057938,1000838,F,GENERAL PRACTICE,AUSTIN,TX,787586704,791,0,AUSTIN
3057939,1000839,M,GENERAL PRACTICE,AUSTIN,TX,787521144,232,0,AUSTIN
3057940,1000840,F,GENERAL PRACTICE,AUSTIN,TX,787046421,8992,0,AUSTIN
3057941,1000841,M,GENERAL PRACTICE,AUSTIN,TX,787313100,135171,0,AUSTIN
3057942,1000842,M,GENERAL PRACTICE,HUTTO,TX,786345586,1634,0,AUSTIN
3057943,1000843,F,GENERAL PRACTICE,AUSTIN,TX,787594141,80613,0,AUSTIN
3057944,1000844,M,GENERAL PRACTICE,CEDAR PARK,TX,786133872,207321,0,AUSTIN
3057945,1000845,F,GENERAL PRACTICE,AUSTIN,TX,787047507,8174,0,AUSTIN
3057946,1000846,F,GENERAL PRACTICE,AUSTIN,TX,787597279,723,0,AUSTIN
3057947,1000847,M,GENERAL PRACTICE,AUSTIN,TX,787413606,1254,0,AUSTIN
3057948,1000848,M,GENERAL PRACTICE,AUSTIN,TX,787598645,16,0,AUSTIN
3057949,1000849,M,GENERAL PRACTICE,WEST LAKE HILLS,TX,787465206,278964,0,AUSTIN
3057950,1000850,M,GENERAL PRACTICE,AUSTIN,TX,787051015,37987,0,AUSTIN
3057951,1000851,M,GENERAL PRACTICE,NIOBRARA,TX,687607201,31632,0,AUSTIN
3057952,1000852,F,GENERAL PRACTICE,WEST LAKE HILLS,TX,787465814,56676,0,AUSTIN
3057953,1000853,M,GENERAL PRACTICE,CEDAR PARK,TX,786132293,1243,0,AUSTIN
3057954,1000854,F,GENERAL PRACTICE,ROUND ROCK,TX,786651526,5383,0,AUSTIN
3057955,1000855,M,GENERAL PRACTICE,AUSTIN,TX,787545185,20522,0,AUSTIN
3057956,1000856,M,GENERAL PRACTICE,Austin,TX,78744,460118,0,AUSTIN
3057957,1000857,M,GENERAL PRACTICE,AUSTIN,TX,787441144,13426,0,AUSTIN
3057958,1000858,M,GENERAL PRACTICE,AUSTIN,TX,787491403,14483,0,AUSTIN
3057959,1000859,M,GENERAL PRACTICE,AUSTIN,TX,787013319,24144,0,AUSTIN
3057960,1000860,M,GENERAL PRACTICE,AUSTIN,TX,787287709,531,0,AUSTIN
3057961,1000861,M,GENERAL PRACTICE,AUSTIN,TX,787047192,2468,0,AUSTIN
3057962,1000862,F,GENERAL PRACTICE,AUSTIN,TX,787598655,11027,0,AUSTIN
3057963,1000863,M,GENERAL PRACTICE,ROUND ROCK,TX,786814308,1242,0,AUSTIN
3057964,1000864,F,GENERAL PRACTICE,Fitchburg,MA,1420,111025,0,BOSTON
3057965,1000865,M,GENERAL PRACTICE,JAMAICA PLAIN,MA,21302331,50759,0,BOSTON
3057966,1000866,M,GENERAL PRACTICE,West Roxbury,MA,2132,105866,0,BOSTON
3057967,1000867,F,GENERAL PRACTICE,MALDEN,MA,21482329,460,0,BOSTON
3057968,1000868,M,GENERAL PRACTICE,CHELSEA,MA,21503508,1046,0,BOSTON
3057969,1000869,M,GENERAL PRACTICE,BROOKLINE,MA,24451922,25815,0,BOSTON
3057970,1000870,F,GENERAL PRACTICE,ALLSTON,MA,21341711,557,0,BOSTON
3057971,1000871,F,GENERAL PRACTICE,MEDFORD,MA,21551644,5243,0,BOSTON
3057972,1000872,M,GENERAL PRACTICE,NEEDHAM,MA,24942205,5,0,BOSTON
3057973,1000873,M,GENERAL PRACTICE,HYDE PARK,MA,21363021,674,0,BOSTON
3057974,1000874,M,GENERAL PRACTICE,BOSTON,MA,21091402,27324,0,BOSTON
3057975,1000875,F,GENERAL PRACTICE,DEDHAM,MA,20261881,15932,0,BOSTON
3057976,1000876,M,GENERAL PRACTICE,NEWTON UPPER FALLS,MA,24641201,100,0,BOSTON
3057977,1000877,M,GENERAL PRACTICE,BROOKLINE,MA,24457979,1589,0,BOSTON
3057978,1000878,M,GENERAL PRACTICE,BRIGHTON,MA,21357652,5216,0,BOSTON
3057979,1000879,M,GENERAL PRACTICE,AUBURNDALE,MA,24661370,10,0,BOSTON
3057980,1000880,F,GENERAL PRACTICE,REVERE,MA,21511114,110,0,BOSTON
3057981,1000881,F,GENERAL PRACTICE,QUINCY,MA,21711599,26099,0,BOSTON
3057982,1000882,F,GENERAL PRACTICE,ALLSTON,MA,21342702,10050,0,BOSTON
3057983,1000883,M,GENERAL PRACTICE,QUINCY,MA,2169,2515,0,BOSTON
3057984,1000884,F,GENERAL PRACTICE,BOSTON,MA,21203320,28360,0,BOSTON
3057985,1000885,M,GENERAL PRACTICE,BOSTON,MA,21181951,13319,0,BOSTON
3057986,1000886,F,GENERAL PRACTICE,LYNN,MA,19052408,151762,0,BOSTON
3057987,1000887,F,GENERAL PRACTICE,DEDHAM,MA,20264090,2681,0,BOSTON
3057988,1000888,F,GENERAL PRACTICE,BOSTON,MA,21111415,30387,0,BOSTON
3057989,1000889,F,GENERAL PRACTICE,QUINCY,MA,21695020,866,0,BOSTON
3057990,1000890,F,GENERAL PRACTICE,WESTWOOD,MA,20902333,15883,0,BOSTON
3057991,1000891,M,GENERAL PRACTICE,MELROSE,MA,21763225,101885,0,BOSTON
3057992,1000892,F,GENERAL PRACTICE,DORCHESTER,MA,21244647,451,0,BOSTON
3057993,1000893,F,GENERAL PRACTICE,CHESTNUT HILL,MA,24672115,50350,0,BOSTON
3057994,1000894,F,GENERAL PRACTICE,MELROSE,MA,21762707,45,0,BOSTON
3057995,1000895,M,GENERAL PRACTICE,ROXBURY,MA,21193200,2007,0,BOSTON
3057996,1000896,F,GENERAL PRACTICE,MEDFORD,MA,21553800,92,0,BOSTON
3057997,1000897,F,GENERAL PRACTICE,BOSTON,MA,21303735,45194,0,BOSTON
3057998,1000898,M,GENERAL PRACTICE,SOMERVILLE,MA,21431408,202079,0,BOSTON
3057999,1000899,M,GENERAL PRACTICE,BOSTON,MA,21164608,45139,0,BOSTON
3058000,1000900,F,GENERAL PRACTICE,BOSTON,MA,21111552,4730,0,BOSTON
3058001,1000901,F,GENERAL PRACTICE,LYNN,MA,19043317,25,0,BOSTON
3058002,1000902,F,GENERAL PRACTICE,BOSTON,MA,21303446,148160,0,BOSTON
3058003,1000903,F,GENERAL PRACTICE,BOSTON,MA,21182755,5298,0,BOSTON
3058004,1000904,F,GENERAL PRACTICE,WINTHROP,MA,21523034,1741,0,BOSTON
3058005,1000905,M,GENERAL PRACTICE,CHELSEA,MA,21502010,23149,0,BOSTON
3058006,1000906,F,GENERAL PRACTICE,JAMAICA PLAIN,MA,21303735,724920,0,BOSTON
3058007,1000907,F,GENERAL PRACTICE,CHELSEA,MA,21504019,17335,0,BOSTON
3058008,1000908,M,GENERAL PRACTICE,NEWTON,MA,24581641,319,0,BOSTON
3058009,1000909,M,GENERAL PRACTICE,WINTHROP,MA,21522715,914292,0,BOSTON
3058010,1000910,F,GENERAL PRACTICE,QUINCY,MA,21697469,32,0,BOSTON
3058011,1000911,F,GENERAL PRACTICE,NAHANT,MA,19081341,303,0,BOSTON
3058012,1000912,F,GENERAL PRACTICE,EAST BOSTON,MA,21281006,1967,0,BOSTON
3058013,1000913,M,GENERAL PRACTICE,BOSTON,MA,21182404,7153,0,BOSTON
3058014,1000914,F,GENERAL PRACTICE,WABAN,MA,24682027,299,0,BOSTON
3058015,1000915,F,GENERAL PRACTICE,QUINCY,MA,21693544,32754,0,BOSTON
3058016,1000916,M,GENERAL PRACTICE,NEEDHAM,MA,24943238,44253,0,BOSTON
3058017,1000917,F,GENERAL PRACTICE,HULL,MA,20452512,48,0,BOSTON
3058018,1000918,M,GENERAL PRACTICE,WESTWOOD,MA,20901928,95,0,BOSTON
3058019,1000919,M,GENERAL PRACTICE,REVERE,MA,21514604,382,0,BOSTON
3058020,1000920,F,GENERAL PRACTICE,STONEHAM,MA,21801711,5085,0,BOSTON
3058021,1000921,M,GENERAL PRACTICE,WEST NEWTON,MA,24652110,37,0,BOSTON
3058022,1000922,F,GENERAL PRACTICE,LYNN,MA,19011201,147,0,BOSTON
3058023,1000923,F,GENERAL PRACTICE,BOSTON,MA,21262122,22794,0,BOSTON
3058024,1000924,F,GENERAL PRACTICE,SAUGUS,MA,19062372,2040,0,BOSTON
3058025,1000925,M,GENERAL PRACTICE,DORCHESTER,MA,21223103,19522,0,BOSTON
3058026,1000926,M,GENERAL PRACTICE,LYNN,MA,19011201,36576,0,BOSTON
3058027,1000927,F,GENERAL PRACTICE,BRIGHTON,MA,21351502,344,0,BOSTON
3058028,1000928,F,GENERAL PRACTICE,RANDOLPH,MA,23682002,2996,0,BOSTON
3058029,1000929,F,GENERAL PRACTICE,WATERTOWN,MA,24722816,290,0,BOSTON
3058030,1000930,F,GENERAL PRACTICE,CHESTNUT HILL,MA,24672641,670,0,BOSTON
3058031,1000931,M,GENERAL PRACTICE,JAMAICA PLAIN,MA,21303402,858,0,BOSTON
3058032,1000932,M,GENERAL PRACTICE,DORCHESTER,MA,21223134,74562,0,BOSTON
3058033,1000933,M,GENERAL PRACTICE,STOUGHTON,MA,20721763,40810,0,BOSTON
3058034,1000934,F,GENERAL PRACTICE,LYNN,MA,19011712,107,0,BOSTON
3058035,1000935,M,GENERAL PRACTICE,CAMBRIDGE,MA,21385402,39914,0,BOSTON
3058036,1000936,M,GENERAL PRACTICE,BOSTON,MA,22151109,735,0,BOSTON
3058037,1000937,M,GENERAL PRACTICE,SWAMPSCOTT,MA,19072928,841,0,BOSTON
3058038,1000938,M,GENERAL PRACTICE,BOSTON,MA,21353602,498259,0,BOSTON
3058039,1000939,M,GENERAL PRACTICE,ROSLINDALE,MA,21311733,112175,0,BOSTON
3058040,1000940,F,GENERAL PRACTICE,BELMONT,MA,24785023,101,0,BOSTON
3058041,1000941,M,GENERAL PRACTICE,MILTON,MA,21862337,463,0,BOSTON
3058042,1000942,F,GENERAL PRACTICE,BOSTON,MA,21142696,92470,0,BOSTON
3058043,1000943,F,GENERAL PRACTICE,LYNN,MA,19011706,55,0,BOSTON
3058044,1000944,F,GENERAL PRACTICE,BOSTON,MA,21244742,38151,0,BOSTON
3058045,1000945,M,GENERAL PRACTICE,BOSTON,MA,21101218,15302,0,BOSTON
3058046,1000946,M,GENERAL PRACTICE,DORCHESTER,MA,21252322,98565,0,BOSTON
3058047,1000947,M,GENERAL PRACTICE,MILTON,MA,21863926,427359,0,BOSTON
3058048,1000948,F,GENERAL PRACTICE,MALDEN,MA,21486904,679,0,BOSTON
3058049,1000949,F,GENERAL PRACTICE,MELROSE,MA,21763201,20331,0,BOSTON
3058050,1000950,F,GENERAL PRACTICE,NORTH QUINCY,MA,21712122,19441,0,BOSTON
3058051,1000951,M,GENERAL PRACTICE,QUINCY,MA,21697564,2333,0,BOSTON
3058052,1000952,M,GENERAL PRACTICE,MILTON,MA,21865626,295,0,BOSTON
3058053,1000953,M,GENERAL PRACTICE,BRIGHTON,MA,21358244,15102,0,BOSTON
3058054,1000954,F,GENERAL PRACTICE,MILTON,MA,21863800,25317,0,BOSTON
3058055,1000955,M,GENERAL PRACTICE,ROXBURY,MA,21203432,22655,0,BOSTON
3058056,1000956,M,GENERAL PRACTICE,WEST ROXBURY,MA,21324034,12420,0,BOSTON
3058057,1000957,M,GENERAL PRACTICE,ARLINGTON,MA,24764738,18286,0,BOSTON
3058058,1000958,F,GENERAL PRACTICE,ARLINGTON,MA,24764738,2029,0,BOSTON
3058059,1000959,M,GENERAL PRACTICE,WALTHAM,MA,24532741,6969,0,BOSTON
3058060,1000960,F,GENERAL PRACTICE,BOSTON,MA,21131901,220619,0,BOSTON
3058061,1000961,M,GENERAL PRACTICE,CHESTNUT HILL,MA,24672008,18346,0,BOSTON
3058062,1000962,F,GENERAL PRACTICE,JAMAICA PLAIN,MA,21303446,146951,0,BOSTON
3058063,1000963,M,GENERAL PRACTICE,DEDHAM,MA,20261881,14340,0,BOSTON
3058064,1000964,F,GENERAL PRACTICE,BOSTON,MA,21182524,5617,0,BOSTON
3058065,1000965,F,GENERAL PRACTICE,REVERE,MA,21514923,311,0,BOSTON
3058066,1000966,M,GENERAL PRACTICE,BOSTON,MA,21261650,2190,0,BOSTON
3058067,1000967,F,GENERAL PRACTICE,DORCHESTER,MA,21221354,612,0,BOSTON
3058068,1000968,F,GENERAL PRACTICE,MALDEN,MA,21484411,127,0,BOSTON
3058069,1000969,F,GENERAL PRACTICE,QUINCY,MA,21697833,274,0,BOSTON
3058070,1000970,M,GENERAL PRACTICE,EVERETT,MA,21495228,240,0,BOSTON
3058071,1000971,F,GENERAL PRACTICE,CAMBRIDGE,MA,21381048,5973,0,BOSTON
3058072,1000972,M,GENERAL PRACTICE,SOMERVILLE,MA,21442666,1574,0,BOSTON
3058073,1000973,F,GENERAL PRACTICE,MILTON,MA,21862377,25582,0,BOSTON
3058074,1000974,M,GENERAL PRACTICE,MILTON,MA,21863441,554,0,BOSTON
3058075,1000975,M,GENERAL PRACTICE,ARLINGTON,MA,24745552,518,0,BOSTON
3058076,1000976,F,GENERAL PRACTICE,DORCHESTER,MA,21253120,182668,0,BOSTON
3058077,1000977,M,GENERAL PRACTICE,WALTHAM,MA,2452,10018,0,BOSTON
3058078,1000978,M,GENERAL PRACTICE,SOMERVILLE,MA,21442951,114963,0,BOSTON
3058079,1000979,M,GENERAL PRACTICE,BOSTON,MA,21164702,2669,0,BOSTON
3058080,1000980,F,GENERAL PRACTICE,Quincy,MA,2169,77447,0,BOSTON
3058081,1000981,M,GENERAL PRACTICE,QUINCY,MA,21694511,282,0,BOSTON
3058082,1000982,F,GENERAL PRACTICE,DORCHESTER,MA,21223131,1571,0,BOSTON
3058083,1000983,F,GENERAL PRACTICE,MEDFORD,MA,21552311,3849,0,BOSTON
3058084,1000984,M,GENERAL PRACTICE,BROOKLINE,MA,24451922,2205,0,BOSTON
3058085,1000985,M,GENERAL PRACTICE,MATTAPAN,MA,21262210,1279,0,BOSTON
3058086,1000986,F,GENERAL PRACTICE,ROSLINDALE,MA,21311011,23138,0,BOSTON
3058087,1000987,M,GENERAL PRACTICE,LYNN,MA,19043124,33528,0,BOSTON
3058088,1000988,F,GENERAL PRACTICE,LYNN,MA,19021574,1354,0,BOSTON
3058089,1000989,F,GENERAL PRACTICE,ARLINGTON,MA,24765829,17,0,BOSTON
3058090,1000990,M,GENERAL PRACTICE,BOSTON,MA,21111901,8920,0,BOSTON
3058091,1000991,M,GENERAL PRACTICE,NEWTON,MA,24581271,74,0,BOSTON
3058092,1000992,M,GENERAL PRACTICE,BOSTON,MA,21083036,2320,0,BOSTON
3058093,1000993,F,GENERAL PRACTICE,READING,MA,18673270,41890,0,BOSTON
3058094,1000994,M,GENERAL PRACTICE,WALTHAM,MA,24536058,1687,0,BOSTON
3058095,1000995,F,GENERAL PRACTICE,Boston,MA,2114,227612,0,BOSTON
3058096,1000996,F,GENERAL PRACTICE,QUINCY,MA,21712122,20373,0,BOSTON
3058097,1000997,F,GENERAL PRACTICE,SOMERVILLE,MA,21431507,1465,0,BOSTON
3058098,1000998,F,GENERAL PRACTICE,SOUTH BOSTON,MA,21272245,207305,0,BOSTON
3058099,1000999,M,GENERAL PRACTICE,SOUTH BOSTON,MA,21272642,61696,0,BOSTON
3058100,1001000,M,GENERAL PRACTICE,ALLSTON,MA,21341124,42483,0,BOSTON
3058101,1001001,M,GENERAL PRACTICE,NEEDHAM,MA,24922520,447,0,BOSTON
3058102,1001002,F,GENERAL PRACTICE,ROXBURY,MA,21191029,72048,0,BOSTON
3058103,1001003,M,GENERAL PRACTICE,QUINCY,MA,21691870,102726,0,BOSTON
3058104,1001004,F,GENERAL PRACTICE,DEDHAM,MA,20266704,6250,0,BOSTON
3058105,1001005,F,GENERAL PRACTICE,BOSTON,MA,21182006,13152,0,BOSTON
3058106,1001006,F,GENERAL PRACTICE,NORWOOD,MA,20625019,75305,0,BOSTON
3058107,1001007,F,GENERAL PRACTICE,WAKEFIELD,MA,18804039,589,0,BOSTON
3058108,1001008,M,GENERAL PRACTICE,NEWTON,MA,24611900,198,0,BOSTON
3058109,1001009,F,GENERAL PRACTICE,ROXBURY,MA,21203432,39460,0,BOSTON
3058110,1001010,F,GENERAL PRACTICE,DORCHESTER,MA,21221112,1532,0,BOSTON
3058111,1001011,F,GENERAL PRACTICE,WESTWOOD,MA,20902914,1100,0,BOSTON
3058200,1001100,F,GENERAL PRACTICE,NEEDHAM,MA,24922477,3719,0,BOSTON
3058201,1001101,F,GENERAL PRACTICE,MILTON,MA,21863881,24835,0,BOSTON
3058202,1001102,F,GENERAL PRACTICE,QUINCY,MA,21695311,144,0,BOSTON
3058203,1001103,M,GENERAL PRACTICE,CHELSEA,MA,21502309,724,0,BOSTON
3058204,1001104,M,GENERAL PRACTICE,WEST ROXBURY,MA,21324338,1607,0,BOSTON
3058205,1001105,F,GENERAL PRACTICE,WEST ROXBURY,MA,21324208,256,0,BOSTON
3058206,1001106,F,GENERAL PRACTICE,WEST ROXBURY,MA,21321506,11534,0,BOSTON
3058207,1001107,F,GENERAL PRACTICE,ALLSTON,MA,21342406,14119,0,BOSTON
3058208,1001108,M,GENERAL PRACTICE,BOSTON,MA,21183553,1153340,0,BOSTON
3058209,1001109,F,GENERAL PRACTICE,MELROSE,MA,21763841,7847,0,BOSTON
3058210,1001110,F,GENERAL PRACTICE,BOSTON,MA,21242012,22358,0,BOSTON
3058211,1001111,M,GENERAL PRACTICE,Lynn,MA,1904,21810,0,BOSTON
3058212,1001112,M,GENERAL PRACTICE,MALDEN,MA,21482329,98,0,BOSTON
3058213,1001113,F,GENERAL PRACTICE,BOSTON,MA,21303353,1621,0,BOSTON
3058214,1001114,F,GENERAL PRACTICE,SAUGUS,MA,19061605,7227,0,BOSTON
3058215,1001115,F,GENERAL PRACTICE,WALTHAM,MA,24538313,8004,0,BOSTON
3058216,1001116,M,GENERAL PRACTICE,DEDHAM,MA,20262086,394,0,BOSTON
3058217,1001117,M,GENERAL PRACTICE,ROSLINDALE,MA,21312523,1116,0,BOSTON
3058218,1001118,M,GENERAL PRACTICE,BOSTON,MA,21111552,722763,0,BOSTON
3058219,1001119,M,GENERAL PRACTICE,QUINCY,MA,21694604,14281,0,BOSTON
3058220,1001120,F,GENERAL PRACTICE,WEST ROXBURY,MA,21324738,346,0,BOSTON
3058221,1001121,F,GENERAL PRACTICE,CHELSEA,MA,21504019,16816,0,BOSTON
3058222,1001122,F,GENERAL PRACTICE,BOSTON,MA,21182503,19465,0,BOSTON
3058223,1001123,F,GENERAL PRACTICE,BROOKLINE,MA,24463806,78764,0,BOSTON
3058224,1001124,M,GENERAL PRACTICE,BOSTON,MA,22154302,112175,0,BOSTON
3058225,1001125,M,GENERAL PRACTICE,BOSTON,MA,21091402,2078,0,BOSTON
3058226,1001126,F,GENERAL PRACTICE,ARLINGTON,MA,24742866,829,0,BOSTON
3058227,1001127,M,GENERAL PRACTICE,QUINCY,MA,21695523,109,0,BOSTON
3058228,1001128,M,GENERAL PRACTICE,MEDFORD,MA,21552629,25,0,BOSTON
3058229,1001129,F,GENERAL PRACTICE,NEWTON,MA,24592058,12251,0,BOSTON
3058230,1001130,F,GENERAL PRACTICE,DEDHAM,MA,20266146,194013,0,BOSTON
3058231,1001131,M,GENERAL PRACTICE,RANDOLPH,MA,23683064,51,0,BOSTON
3058232,1001132,F,GENERAL PRACTICE,BROOKLINE,MA,24464406,658,0,BOSTON
3058233,1001133,M,GENERAL PRACTICE,DEDHAM,MA,20266149,76381,0,BOSTON
3058234,1001134,F,GENERAL PRACTICE,ALLSTON,MA,21341928,361,0,BOSTON
3058235,1001135,F,GENERAL PRACTICE,BROOKLINE,MA,24465332,48871,0,BOSTON
3058236,1001136,F,GENERAL PRACTICE,BOSTON,MA,21182711,35990,0,BOSTON
3058237,1001137,M,GENERAL PRACTICE,WALTHAM,MA,24511433,7739,0,BOSTON
3058238,1001138,F,GENERAL PRACTICE,LYNN,MA,19051638,73,0,BOSTON
3058239,1001139,F,GENERAL PRACTICE,NORWOOD,MA,20624692,11,0,BOSTON
3058240,1001140,F,GENERAL PRACTICE,NEWTON,MA,24593302,8189,0,BOSTON
3058241,1001141,F,GENERAL PRACTICE,SAUGUS,MA,19063037,133,0,BOSTON
3058242,1001142,M,GENERAL PRACTICE,QUINCY,MA,21698130,109441,0,BOSTON
3058243,1001143,M,GENERAL PRACTICE,ROSLINDALE,MA,21311000,192707,0,BOSTON
3058244,1001144,M,GENERAL PRACTICE,CAMBRIDGE,MA,21385502,236505,0,BOSTON
3058245,1001145,F,GENERAL PRACTICE,BOSTON,MA,21324350,680,0,BOSTON
3058246,1001146,M,GENERAL PRACTICE,NEEDHAM,MA,24942708,7,0,BOSTON
3058247,1001147,F,GENERAL PRACTICE,BOSTON,MA,21304885,657,0,BOSTON
3058248,1001148,F,GENERAL PRACTICE,DEDHAM,MA,20267011,18,0,BOSTON
3058249,1001149,F,GENERAL PRACTICE,MATTAPAN,MA,21262122,44219,0,BOSTON
3058250,1001150,M,GENERAL PRACTICE,BOSTON,MA,22151394,2019,0,BOSTON
3058251,1001151,F,GENERAL PRACTICE,SAUGUS,MA,19064510,38,0,BOSTON
3058252,1001152,F,GENERAL PRACTICE,BRIGHTON,MA,21353601,38081,0,BOSTON
3058253,1001153,F,GENERAL PRACTICE,SOMERVILLE,MA,21452935,205831,0,BOSTON
3058254,1001154,M,GENERAL PRACTICE,STONEHAM,MA,21801705,748,0,BOSTON
3058255,1001155,F,GENERAL PRACTICE,HYDE PARK,MA,21363267,1235,0,BOSTON
3058256,1001156,F,GENERAL PRACTICE,ARLINGTON,MA,2476,935,0,BOSTON
3058257,1001157,F,GENERAL PRACTICE,WOBURN,MA,18012157,17661,0,BOSTON
3058258,1001158,F,GENERAL PRACTICE,SWAMPSCOTT,MA,19071300,398,0,BOSTON
3058259,1001159,F,GENERAL PRACTICE,NEWTON,MA,24611900,148,0,BOSTON
3058260,1001160,F,GENERAL PRACTICE,Boston,MA,2210,213735,0,BOSTON
3058261,1001161,F,GENERAL PRACTICE,BRIGHTON,MA,21353601,20305,0,BOSTON
3058262,1001162,M,GENERAL PRACTICE,QUINCY,MA,21691228,62,0,BOSTON
3058263,1001163,F,GENERAL PRACTICE,ARLINGTON,MA,24745552,332,0,BOSTON
3058264,1001164,F,GENERAL PRACTICE,NORWOOD,MA,20623946,35,0,BOSTON
3058265,1001165,M,GENERAL PRACTICE,QUINCY,MA,21695108,28,0,BOSTON
3058266,1001166,F,GENERAL PRACTICE,MEDFORD,MA,21551300,95,0,BOSTON
3058267,1001167,M,GENERAL PRACTICE,BOSTON,MA,21221301,1866,0,BOSTON
3058268,1001168,M,GENERAL PRACTICE,HINGHAM,MA,20434065,25,0,BOSTON
3058269,1001169,F,GENERAL PRACTICE,EVERETT,MA,21493614,1258,0,BOSTON
3058270,1001170,F,GENERAL PRACTICE,BOSTON,MA,21082601,9287,0,BOSTON
3058271,1001171,M,GENERAL PRACTICE,BOSTON,MA,21142699,855557,0,BOSTON
3058272,1001172,F,GENERAL PRACTICE,HYDE PARK,MA,21361861,87961,0,BOSTON
3058273,1001173,M,GENERAL PRACTICE,BOSTON,MA,21091402,27364,0,BOSTON
3058274,1001174,M,GENERAL PRACTICE,WALTHAM,MA,2451,7772,0,BOSTON
3058275,1001175,F,GENERAL PRACTICE,LYNN,MA,19042915,60092,0,BOSTON
3058276,1001176,M,GENERAL PRACTICE,WOBURN,MA,18016003,102,0,BOSTON
3058277,1001177,M,GENERAL PRACTICE,DEDHAM,MA,20267028,51,0,BOSTON
3058278,1001178,F,GENERAL PRACTICE,CHARLESTOWN,MA,21294301,257058,0,BOSTON
3058279,1001179,F,GENERAL PRACTICE,CANTON,MA,20212759,2,0,BOSTON
3058280,1001180,M,GENERAL PRACTICE,Jamaica Plain,MA,2130,266528,0,BOSTON
3058281,1001181,F,GENERAL PRACTICE,ROXBURY,MA,21193740,1104,0,BOSTON
3058282,1001182,M,GENERAL PRACTICE,DORCHESTER,MA,21252424,1746,0,BOSTON
3058283,1001183,F,GENERAL PRACTICE,WALTHAM,MA,24517447,77562,0,BOSTON
3058284,1001184,M,GENERAL PRACTICE,DORCHESTER,MA,21213213,84885,0,BOSTON
3058285,1001185,F,GENERAL PRACTICE,QUINCY,MA,21690907,4862,0,BOSTON
3058286,1001186,M,GENERAL PRACTICE,CHELSEA,MA,21504019,20236,0,BOSTON
3058287,1001187,M,GENERAL PRACTICE,LEXINGTON,MA,24218052,82,0,BOSTON
3058288,1001188,F,GENERAL PRACTICE,MATTAPAN,MA,21261487,20504,0,BOSTON
3058289,1001189,F,GENERAL PRACTICE,WESTWOOD,MA,20902336,19756,0,BOSTON
3058290,1001190,F,GENERAL PRACTICE,CAMBRIDGE,MA,21381116,6620,0,BOSTON
3058291,1001191,F,GENERAL PRACTICE,ROSLINDALE,MA,21311000,178185,0,BOSTON
3058292,1001192,M,GENERAL PRACTICE,DEDHAM,MA,20266363,276,0,BOSTON
3058293,1001193,F,GENERAL PRACTICE,NEWTON,MA,24593010,41550,0,BOSTON
3058294,1001194,M,GENERAL PRACTICE,CAMBRIDGE,MA,21384308,371390,0,BOSTON
3058295,1001195,M,GENERAL PRACTICE,CAMBRIDGE,MA,21384518,38897,0,BOSTON
3058296,1001196,M,GENERAL PRACTICE,ALEDO,IL,612311330,557912,0,CHICAGO
3058297,1001197,M,GENERAL PRACTICE,ROLLING MEADOWS,IL,600083127,167,0,CHICAGO
3058298,1001198,F,GENERAL PRACTICE,CHICAGO,IL,606213114,591507,0,CHICAGO
3058299,1001199,F,GENERAL PRACTICE,CHICAGO,IL,606142337,56261,0,CHICAGO
3058300,1001200,M,GENERAL PRACTICE,CHICAGO,IL,606125500,2131,0,CHICAGO
3058301,1001201,F,GENERAL PRACTICE,CHICAGO,IL,606512405,24633,0,CHICAGO
3058302,1001202,M,GENERAL PRACTICE,ALSIP,IL,608033043,251,0,CHICAGO
3058303,1001203,M,GENERAL PRACTICE,CHICAGO,IL,606594100,19234,0,CHICAGO
3058304,1001204,F,GENERAL PRACTICE,CHICAGO,IL,606404965,1094,0,CHICAGO
3058305,1001205,F,GENERAL PRACTICE,CHICAGO,IL,606261619,4720,0,CHICAGO
3058306,1001206,F,GENERAL PRACTICE,CHICAGO,IL,606344384,34268,0,CHICAGO
3058307,1001207,F,GENERAL PRACTICE,EVANSTON,IL,602023735,45766,0,CHICAGO
3058308,1001208,M,GENERAL PRACTICE,CHICAGO,IL,606204956,2480,0,CHICAGO
3058309,1001209,M,GENERAL PRACTICE,CHICAGO,IL,606163878,181456,0,CHICAGO
3058310,1001210,F,GENERAL PRACTICE,HARVEY,IL,604263558,907,0,CHICAGO
3058311,1001211,M,GENERAL PRACTICE,CICERO,IL,608042134,18666,0,CHICAGO
3058312,1001212,M,GENERAL PRACTICE,CHICAGO,IL,606094233,42459,0,CHICAGO
3058313,1001213,F,GENERAL PRACTICE,BERWYN,IL,604023429,7318,0,CHICAGO
3058314,1001214,F,GENERAL PRACTICE,NILES,IL,607144520,150,0,CHICAGO
3058315,1001215,F,GENERAL PRACTICE,CHICAGO,IL,606261818,30366,0,CHICAGO
3058316,1001216,F,GENERAL PRACTICE,CHICAGO,IL,606232028,37721,0,CHICAGO
3058317,1001217,F,GENERAL PRACTICE,CHICAGO,IL,606454902,8677,0,CHICAGO
3058318,1001218,M,GENERAL PRACTICE,Chicago,IL,60652,268667,0,CHICAGO
3058319,1001219,M,GENERAL PRACTICE,ITASCA,IL,601432187,34598,0,CHICAGO
3058320,1001220,M,GENERAL PRACTICE,BURBANK,IL,604591332,1129,0,CHICAGO
3058321,1001221,F,GENERAL PRACTICE,HARWOOD HEIGHTS,IL,60706,28420,0,CHICAGO
3058322,1001222,F,GENERAL PRACTICE,ADDISON,IL,601015610,89,0,CHICAGO
3058323,1001223,F,GENERAL PRACTICE,CHICAGO,IL,606453414,640,0,CHICAGO
3058324,1001224,M,GENERAL PRACTICE,CALUMET CITY,IL,604095329,371,0,CHICAGO
3058325,1001225,F,GENERAL PRACTICE,CHICAGO,IL,606422449,5204,0,CHICAGO
3058326,1001226,M,GENERAL PRACTICE,SKOKIE,IL,600774301,30,0,CHICAGO
3058327,1001227,M,GENERAL PRACTICE,CHICAGO,IL,606323011,94337,0,CHICAGO
3058328,1001228,F,GENERAL PRACTICE,CHICAGO,IL,606575147,24529,0,CHICAGO
3058329,1001229,M,GENERAL PRACTICE,CHICAGO,IL,606201640,63252,0,CHICAGO
3058330,1001230,F,GENERAL PRACTICE,NILES,IL,607144577,398,0,CHICAGO
3058331,1001231,F,GENERAL PRACTICE,PARK RIDGE,IL,60068,96,0,CHICAGO
3058332,1001232,M,GENERAL PRACTICE,FOREST PARK,IL,601302528,142,0,CHICAGO
3058333,1001233,F,GENERAL PRACTICE,ROLLING MEADOWS,IL,600083725,10,0,CHICAGO
3058334,1001234,M,GENERAL PRACTICE,CHICAGO,IL,606224630,32862,0,CHICAGO
3058335,1001235,M,GENERAL PRACTICE,CHICAGO,IL,606261707,107885,0,CHICAGO
3058336,1001236,F,GENERAL PRACTICE,EVANSTON,IL,602014205,105,0,CHICAGO
3058337,1001237,F,GENERAL PRACTICE,DES PLAINES,IL,600184618,42,0,CHICAGO
3058338,1001238,M,GENERAL PRACTICE,CHICAGO,IL,606534202,7087,0,CHICAGO
3058339,1001239,F,GENERAL PRACTICE,SKOKIE,IL,600761009,38,0,CHICAGO
3058340,1001240,F,GENERAL PRACTICE,CHICAGO,IL,606322814,633811,0,CHICAGO
3058341,1001241,M,GENERAL PRACTICE,BLUE ISLAND,IL,604062318,42447,0,CHICAGO
3058342,1001242,M,GENERAL PRACTICE,MOUNT PROSPECT,IL,600563305,52,0,CHICAGO
3058343,1001243,M,GENERAL PRACTICE,CHICAGO,IL,606175948,24899,0,CHICAGO
3058344,1001244,M,GENERAL PRACTICE,CHICAGO,IL,606603450,30715,0,CHICAGO
3058345,1001245,M,GENERAL PRACTICE,HANOVER PARK,IL,601338974,7367,0,CHICAGO
3058346,1001246,F,GENERAL PRACTICE,SKOKIE,IL,600771537,589,0,CHICAGO
3058347,1001247,M,GENERAL PRACTICE,WILMETTE,IL,600911822,12861,0,CHICAGO
3058348,1001248,M,GENERAL PRACTICE,EVERGREEN PARK,IL,608052703,21055,0,CHICAGO
3058349,1001249,F,GENERAL PRACTICE,GLENVIEW,IL,600252464,8608,0,CHICAGO
3058350,1001250,F,GENERAL PRACTICE,EVANSTON,IL,602014729,566,0,CHICAGO
3058351,1001251,M,GENERAL PRACTICE,CHICAGO,IL,606553128,341,0,CHICAGO
3058352,1001252,F,GENERAL PRACTICE,CHICAGO,IL,606612388,40182,0,CHICAGO
3058353,1001253,M,GENERAL PRACTICE,CHICAGO,IL,606475247,49032,0,CHICAGO
3058354,1001254,M,GENERAL PRACTICE,CHICAGO,IL,606086837,153728,0,CHICAGO
3058355,1001255,M,GENERAL PRACTICE,CICERO,IL,608042218,19735,0,CHICAGO
3058356,1001256,M,GENERAL PRACTICE,SKOKIE,IL,600775459,4315,0,CHICAGO
3058357,1001257,M,GENERAL PRACTICE,CHICAGO,IL,606575191,1821,0,CHICAGO
3058358,1001258,M,GENERAL PRACTICE,CHICAGO,IL,606312439,423,0,CHICAGO
3058359,1001259,M,GENERAL PRACTICE,CHICAGO,IL,606113800,8308,0,CHICAGO
3058360,1001260,F,GENERAL PRACTICE,LINCOLNWOOD,IL,607121760,323,0,CHICAGO
3058361,1001261,F,GENERAL PRACTICE,SCHAUMBURG,IL,601734761,370,0,CHICAGO
3058362,1001262,M,GENERAL PRACTICE,CICERO,IL,608044222,17748,0,CHICAGO
3058363,1001263,F,GENERAL PRACTICE,SOUTH HOLLAND,IL,604732281,3176,0,CHICAGO
3058364,1001264,M,GENERAL PRACTICE,ADDISON,IL,601012082,50,0,CHICAGO
3058365,1001265,M,GENERAL PRACTICE,CHICAGO,IL,606242312,97320,0,CHICAGO
3058366,1001266,M,GENERAL PRACTICE,CHICAGO,IL,606112908,861189,0,CHICAGO
3058367,1001267,M,GENERAL PRACTICE,CHICAGO,IL,606261418,431,0,CHICAGO
3058368,1001268,M,GENERAL PRACTICE,CHICAGO,IL,606534507,73441,0,CHICAGO
3058369,1001269,F,GENERAL PRACTICE,CHICAGO,IL,606112927,5509,0,CHICAGO
3058370,1001270,F,GENERAL PRACTICE,ARLINGTON HEIGHTS,IL,600046944,195,0,CHICAGO
3058371,1001271,F,GENERAL PRACTICE,CHICAGO,IL,606283127,393,0,CHICAGO
3058372,1001272,M,GENERAL PRACTICE,CHICAGO,IL,606552205,42034,0,CHICAGO
3058373,1001273,M,GENERAL PRACTICE,DES PLAINES,IL,600182206,13,0,CHICAGO
3058374,1001274,M,GENERAL PRACTICE,CHICAGO,IL,606561903,1606,0,CHICAGO
3058375,1001275,F,GENERAL PRACTICE,CHICAGO,IL,606074507,65122,0,CHICAGO
3058376,1001276,M,GENERAL PRACTICE,ELMWOOD PARK,IL,607073006,27544,0,CHICAGO
3058377,1001277,M,GENERAL PRACTICE,Chicago Heights,IL,60411,32361,0,CHICAGO
3058378,1001278,M,GENERAL PRACTICE,MINNEAPOLIS,IL,55418,2593,0,CHICAGO
3058379,1001279,F,GENERAL PRACTICE,CHICAGO,IL,606464537,27,0,CHICAGO
3058380,1001280,M,GENERAL PRACTICE,CHICAGO,IL,606492612,1297,0,CHICAGO
3058381,1001281,M,GENERAL PRACTICE,OAK PARK,IL,603042808,1242,0,CHICAGO
3058382,1001282,M,GENERAL PRACTICE,CHICAGO,IL,606253661,994,0,CHICAGO
3058383,1001283,M,GENERAL PRACTICE,CHICAGO,IL,606093240,64567,0,CHICAGO
3058384,1001284,M,GENERAL PRACTICE,CHICAGO,IL,606123862,2431,0,CHICAGO
3058385,1001285,M,GENERAL PRACTICE,MELROSE PARK,IL,601603702,18436,0,CHICAGO
3058386,1001286,F,GENERAL PRACTICE,BERWYN,IL,604022311,2409,0,CHICAGO
3058387,1001287,M,GENERAL PRACTICE,CHICAGO,IL,606573117,1366,0,CHICAGO
3058388,1001288,M,GENERAL PRACTICE,CHICAGO,IL,606222743,341723,0,CHICAGO
3058389,1001289,M,GENERAL PRACTICE,NILES,IL,607144522,9457,0,CHICAGO
3058390,1001290,F,GENERAL PRACTICE,CHICAGO,IL,606141416,2838,0,CHICAGO
3058391,1001291,F,GENERAL PRACTICE,MELROSE PARK,IL,601601612,1061,0,CHICAGO
3058392,1001292,F,GENERAL PRACTICE,CHICAGO,IL,606405519,1203,0,CHICAGO
3058393,1001293,F,GENERAL PRACTICE,CHICAGO,IL,606141207,43400,0,CHICAGO
3058394,1001294,M,GENERAL PRACTICE,CHICAGO,IL,606162684,78432,0,CHICAGO
3058395,1001295,F,GENERAL PRACTICE,CHICAGO,IL,606372818,32898,0,CHICAGO
3058396,1001296,M,GENERAL PRACTICE,CHICAGO,IL,606222931,881,0,CHICAGO
3058397,1001297,F,GENERAL PRACTICE,OAK PARK,IL,603022519,4950,0,CHICAGO
3058398,1001298,M,GENERAL PRACTICE,CHICAGO,IL,606311952,21722,0,CHICAGO
3058399,1001299,M,GENERAL PRACTICE,CICERO,IL,608042018,8307,0,CHICAGO
3058400,1001300,F,GENERAL PRACTICE,ITASCA,IL,601431265,235,0,CHICAGO
3058401,1001301,M,GENERAL PRACTICE,CHICAGO,IL,606464448,105,0,CHICAGO
3058402,1001302,M,GENERAL PRACTICE,SCHAUMBURG,IL,601932972,1677,0,CHICAGO
3058403,1001303,F,GENERAL PRACTICE,CHICAGO,IL,606534301,7892,0,CHICAGO
3058404,1001304,M,GENERAL PRACTICE,PARK RIDGE,IL,600681143,228519,0,CHICAGO
3058405,1001305,M,GENERAL PRACTICE,OAK PARK,IL,603021805,470,0,CHICAGO
3058406,1001306,M,GENERAL PRACTICE,CHICAGO,IL,606142129,1631,0,CHICAGO
3058407,1001307,M,GENERAL PRACTICE,CHICAGO,IL,606223507,36450,0,CHICAGO
3058408,1001308,F,GENERAL PRACTICE,RIVERSIDE,IL,605461785,5852,0,CHICAGO
3058409,1001309,M,GENERAL PRACTICE,CHICAGO,IL,606344726,1509,0,CHICAGO
3058410,1001310,F,GENERAL PRACTICE,CHICAGO,IL,606131515,43118,0,CHICAGO
3058411,1001311,F,GENERAL PRACTICE,CHICAGO,IL,606426495,4967,0,CHICAGO
3058412,1001312,F,GENERAL PRACTICE,DES PLAINES,IL,600161272,3360,0,CHICAGO
3058413,1001313,M,GENERAL PRACTICE,CHICAGO,IL,606313713,20684,0,CHICAGO
3058414,1001314,F,GENERAL PRACTICE,ROSEMONT,IL,600184988,244938,0,CHICAGO
3058415,1001315,M,GENERAL PRACTICE,OAK LAWN,IL,604532401,11620,0,CHICAGO
3058416,1001316,M,GENERAL PRACTICE,CHICAGO,IL,606228151,108700,0,CHICAGO
3058417,1001317,M,GENERAL PRACTICE,CHICAGO,IL,606532302,239088,0,CHICAGO
3058418,1001318,F,GENERAL PRACTICE,ARLINGTON HEIGHTS,IL,600054100,7735,0,CHICAGO
3058419,1001319,F,GENERAL PRACTICE,CHICAGO,IL,606492426,47794,0,CHICAGO
3058420,1001320,M,GENERAL PRACTICE,CHICAGO,IL,606534224,34974,0,CHICAGO
3058421,1001321,F,GENERAL PRACTICE,CHICAGO,IL,606172706,43451,0,CHICAGO
3058422,1001322,F,GENERAL PRACTICE,VILLA PARK,IL,601811321,10195,0,CHICAGO
3058423,1001323,M,GENERAL PRACTICE,TINLEY PARK,IL,604771758,2396,0,CHICAGO
3058424,1001324,F,GENERAL PRACTICE,CHICAGO,IL,606123291,7703,0,CHICAGO
3058425,1001325,F,GENERAL PRACTICE,CHICAGO,IL,606253506,415,0,CHICAGO
3058426,1001326,F,GENERAL PRACTICE,SOUTH HOLLAND,IL,604731464,416,0,CHICAGO
3058427,1001327,F,GENERAL PRACTICE,EVANSTON,IL,602023622,361,0,CHICAGO
3058428,1001328,M,GENERAL PRACTICE,MORTON GROVE,IL,600532102,11931,0,CHICAGO
3058429,1001329,M,GENERAL PRACTICE,OAK PARK,IL,603022519,910,0,CHICAGO
3058430,1001330,F,GENERAL PRACTICE,CHICAGO,IL,606453198,298,0,CHICAGO
3058431,1001331,F,GENERAL PRACTICE,CHICAGO,IL,606465424,171,0,CHICAGO
